"rrrrr";"Ozon Product ID";"FBS OZON SKU ID";"Наименование товара";"Доступно на моих складах, шт";"Зарезервировано на моих складах, шт";"Доступно на ""Тихвин, Мебельная 1"", шт";"Зарезервировано на ""Тихвин, Мебельная 1"", шт"
"2001459845004";"57181345";"241716147";"Комбинезон мужской утеплённый 888N-TWILL-16/58 (р-р 44-46/170)";"10";"0";"10";"0"
"2001459845073";"57181346";"241715689";"Комбинезон мужской утеплённый 888N-TWILL-16/58 (р-р 48-50/176)";"10";"0";"10";"0"
"2001459845080";"57181347";"241715615";"Комбинезон мужской утеплённый 888N-TWILL-16/58 (р-р 48-50/182)";"7";"0";"7";"0"
"2001459845059";"57181348";"241715663";"Комбинезон мужской утеплённый 888N-TWILL-16/58 (р-р 48-50/170)";"10";"0";"10";"0"
"2001459874783";"57181349";"241716272";"Комбинезон мужской утеплённый 888N-TWILL-16/58 (р-р 44-46/176)";"8";"0";"8";"0"
"2001459845103";"57181355";"241715800";"Комбинезон мужской утеплённый 888N-TWILL-16/58 (р-р 52-54/170)";"9";"0";"9";"0"
"2001459845097";"57181356";"241715787";"Комбинезон мужской утеплённый 888N-TWILL-16/58 (р-р 48-50/188)";"8";"0";"8";"0"
"2001459845134";"57181358";"241715458";"Комбинезон мужской утеплённый 888N-TWILL-16/58 (р-р 52-54/188)";"10";"0";"10";"0"
"2001459845127";"57181359";"241716138";"Комбинезон мужской утеплённый 888N-TWILL-16/58 (р-р 52-54/182)";"7";"0";"7";"0"
"2001459845158";"57181364";"241715452";"Комбинезон мужской утеплённый 888N-TWILL-16/58 (р-р 56-58/176)";"3";"1";"3";"1"
"2001459871348";"57181365";"241715454";"Комбинезон мужской утеплённый 888N-TWILL-16/58 (р-р 56-58/182)";"2";"0";"2";"0"
"2001459845172";"57181366";"241715469";"Комбинезон мужской утеплённый 888N-TWILL-16/58 (р-р 56-58/188)";"6";"0";"6";"0"
"2001459871355";"57181367";"241715459";"Комбинезон мужской утеплённый 888N-TWILL-16/58 (р-р 60-62/176)";"5";"0";"5";"0"
"2001459871362";"57181368";"241715462";"Комбинезон мужской утеплённый 888N-TWILL-16/58 (р-р 60-62/182)";"5";"0";"5";"0"
"2001459871379";"57181369";"241715461";"Комбинезон мужской утеплённый 888N-TWILL-16/58 (р-р 60-62/188)";"5";"0";"5";"0"
"2001459871386";"57181370";"241715478";"Комбинезон мужской утеплённый 888N-TWILL-16/58 (р-р 64-66/182)";"6";"0";"6";"0"
"2000470400018";"57181371";"241715497";"Комбинезон 888R-PP-15";"0";"0";"0";"0"
"2000470390012";"57181372";"241715491";"Комбинезон 888R-PP-15";"0";"0";"0";"0"
"2000470420016";"57181373";"241715466";"Комбинезон 888R-PP-15";"0";"0";"0";"0"
"2001459854440";"57181374";"242753364";"Комбинезон 8831-TWILL FT-16/15";"1";"0";"1";"0"
"2001459854464";"57181375";"242755121";"Комбинезон 8831-TWILL FT-16/15";"2";"0";"2";"0"
"2001459854457";"57181376";"242723870";"Комбинезон 8831-TWILL FT-16/15";"7";"0";"7";"0"
"2000470440014";"57181377";"241715463";"Комбинезон 888R-PP-15";"0";"0";"0";"0"
"2000470430015";"57181378";"241715460";"Комбинезон 888R-PP-15";"0";"0";"0";"0"
"2001459854471";"57181379";"242727079";"Комбинезон 8831-TWILL FT-16/15";"1";"0";"1";"0"
"2001459854525";"57181381";"242815997";"Комбинезон 8831-TWILL FT-16/15";"1";"0";"1";"0"
"2001459854488";"57181382";"242733664";"Комбинезон 8831-TWILL FT-16/15";"0";"0";"0";"0"
"2001459854518";"57181383";"241718344";"Комбинезон 8831-TWILL FT-16/15";"2";"0";"2";"0"
"2001459854532";"57181384";"242753396";"Комбинезон 8831-TWILL FT-16/15";"4";"0";"4";"0"
"2001459854402";"57181385";"241718471";"Комбинезон мужской зимний 8831-TWILL-16/58 (р-р 44-46/164)";"2";"0";"2";"0"
"2001459872390";"57181386";"241721111";"Комбинезон мужской зимний 8831-TWILL-16/58 (р-р 44-46/170)";"9";"0";"9";"0"
"2001459854419";"57181387";"241718423";"Комбинезон мужской зимний 8831-TWILL-16/58 (р-р 44-46/176)";"10";"0";"10";"0"
"2001459834572";"57181388";"241718287";"Комбинезон мужской зимний 8831-TWILL-16/58 (р-р 48-50/170)";"2";"0";"2";"0"
"2001459834589";"57181389";"241721204";"Комбинезон мужской зимний 8831-TWILL-16/58 (р-р 48-50/176)";"5";"0";"5";"0"
"2001459834596";"57181390";"241721101";"Комбинезон мужской зимний 8831-TWILL-16/58 (р-р 48-50/182)";"8";"0";"8";"0"
"2001459834602";"57181391";"241718420";"Комбинезон мужской зимний 8831-TWILL-16/58 (р-р 48-50/188)";"1";"0";"1";"0"
"2001459834619";"57181392";"241721010";"Комбинезон мужской зимний 8831-TWILL-16/58 (р-р 52-54/170)";"0";"0";"0";"0"
"2001459834626";"57181393";"241721205";"Комбинезон мужской зимний 8831-TWILL-16/58 (р-р 52-54/176)";"0";"0";"0";"0"
"2001459834633";"57181394";"241721086";"Комбинезон мужской зимний 8831-TWILL-16/58 (р-р 52-54/182)";"7";"0";"7";"0"
"2001459874769";"57181395";"241721184";"Комбинезон мужской зимний 8831-TWILL-16/58 (р-р 56-58/170)";"3";"0";"3";"0"
"2001459834664";"57181396";"241721356";"Комбинезон мужской зимний 8831-TWILL-16/58 (р-р 56-58/182)";"0";"0";"0";"0"
"2001459834657";"57181397";"241721351";"Комбинезон мужской зимний 8831-TWILL-16/58 (р-р 56-58/176)";"2";"0";"2";"0"
"2001459834671";"57181398";"241721203";"Комбинезон мужской зимний 8831-TWILL-16/58 (р-р 56-58/188)";"0";"0";"0";"0"
"2001459854426";"57181399";"241721146";"Комбинезон мужской зимний 8831-TWILL-16/58 (р-р 60-62/182)";"7";"0";"7";"0"
"2001459874776";"57181400";"241721395";"Комбинезон мужской зимний 8831-TWILL-16/58 (р-р 60-62/188)";"8";"0";"8";"0"
"2001459854433";"57181401";"241721327";"Комбинезон мужской зимний 8831-TWILL-16/58 (р-р 64-66/182)";"11";"0";"11";"0"
"2000174610010";"57181402";"241721201";"Комбинезон мужской зимний 8831-TWILL-16/77 (р-р 44-46/176)";"10";"0";"10";"0"
"2000174640017";"57181403";"241721100";"Комбинезон мужской зимний 8831-TWILL-16/77 (р-р 48-50/164)";"2";"0";"2";"0"
"2000174650016";"57181404";"241713383";"Комбинезон мужской зимний 8831-TWILL-16/77 (р-р 48-50/170)";"10";"0";"10";"0"
"2000174670014";"57181405";"241721358";"Комбинезон мужской зимний 8831-TWILL-16/77 (р-р 48-50/182)";"9";"0";"9";"0"
"2000174680013";"57181406";"241721224";"Комбинезон мужской зимний 8831-TWILL-16/77 (р-р 48-50/188)";"2";"0";"2";"0"
"2000174690012";"57181407";"241721305";"Комбинезон мужской зимний 8831-TWILL-16/77 (р-р 48-50/194)";"4";"0";"4";"0"
"2000174720016";"57181408";"241721399";"Комбинезон мужской зимний 8831-TWILL-16/77 (р-р 52-54/176)";"5";"0";"5";"0"
"2000174730015";"57181409";"241718169";"Комбинезон мужской зимний 8831-TWILL-16/77 (р-р 52-54/182)";"10";"0";"10";"0"
"2000174760012";"57181410";"241721145";"Комбинезон мужской зимний 8831-TWILL-16/77 (р-р 56-58/164)";"5";"0";"5";"0"
"2000174770011";"57181411";"241721233";"Комбинезон мужской зимний 8831-TWILL-16/77 (р-р 56-58/170)";"5";"0";"5";"0"
"2000174790019";"57181412";"241715308";"Комбинезон мужской зимний 8831-TWILL-16/77 (р-р 56-58/182)";"10";"0";"10";"0"
"2000174820013";"57181413";"241715417";"Комбинезон мужской зимний 8831-TWILL-16/77 (р-р 60-62/164)";"6";"0";"6";"0"
"2000174830012";"57181414";"241715367";"Комбинезон мужской зимний 8831-TWILL-16/77 (р-р 60-62/170)";"5";"0";"5";"0"
"2000174840011";"57181415";"241713376";"Комбинезон мужской зимний 8831-TWILL-16/77 (р-р 60-62/176)";"5";"0";"5";"0"
"2000174890016";"57181416";"241715732";"Комбинезон мужской зимний 8831-TWILL-16/77 (р-р 64-66/170)";"6";"0";"6";"0"
"2000174850010";"57181417";"241713380";"Комбинезон мужской зимний 8831-TWILL-16/77 (р-р 60-62/182)";"6";"0";"6";"0"
"2000174860019";"57181418";"241715318";"Комбинезон мужской зимний 8831-TWILL-16/77 (р-р 60-62/188)";"2";"0";"2";"0"
"2000174900012";"57181419";"241713386";"Комбинезон мужской зимний 8831-TWILL-16/77 (р-р 64-66/176)";"9";"0";"9";"0"
"2000174910011";"57181420";"241715465";"Комбинезон мужской зимний 8831-TWILL-16/77 (р-р 64-66/182)";"5";"0";"5";"0"
"2001459872406";"57181421";"241715464";"Комбинезон мужской зимний 8831-TWILL-16/90 (р-р 44-46/170)";"0";"0";"0";"0"
"2001459848050";"57181422";"241715521";"Комбинезон мужской зимний 8831-TWILL-16/90 (р-р 44-46/176)";"3";"0";"3";"0"
"2000478140015";"57181423";"241715409";"Комбинезон мужской зимний 8831-TWILL-16/90 (р-р 44-46/188)";"5";"0";"5";"0"
"2001459834992";"57181424";"241715851";"Комбинезон мужской зимний 8831-TWILL-16/90 (р-р 48-50/170)";"0";"0";"0";"0"
"2001459872413";"57181425";"241715501";"Комбинезон мужской зимний 8831-TWILL-16/90 (р-р 48-50/176)";"0";"0";"0";"0"
"2001459872543";"57181426";"241715480";"Комбинезон мужской зимний 8831-TWILL-16/90 (р-р 48-50/182)";"2";"0";"2";"0"
"2001459872437";"57181427";"241715656";"Комбинезон мужской зимний 8831-TWILL-16/90 (р-р 48-50/188)";"1";"0";"1";"0"
"2001459872444";"57181428";"241716105";"Комбинезон мужской зимний 8831-TWILL-16/90 (р-р 52-57/176)";"0";"0";"0";"0"
"2001459872451";"57181429";"241715627";"Комбинезон мужской зимний 8831-TWILL-16/90 (р-р 52-54/182)";"0";"0";"0";"0"
"2001459872468";"57181430";"241715340";"Комбинезон мужской зимний 8831-TWILL-16/90 (р-р 52-54/188)";"0";"0";"0";"0"
"2001459872475";"57181431";"241713358";"Комбинезон мужской зимний 8831-TWILL-16/90 (р-р 56-58/176)";"0";"0";"0";"0"
"2001459872499";"57181432";"241716024";"Комбинезон мужской зимний 8831-TWILL-16/90 (р-р 56-58/182)";"0";"0";"0";"0"
"2001459872505";"57181433";"241716259";"Комбинезон мужской зимний 8831-TWILL-16/90 (р-р 60-62/182)";"1";"0";"1";"0"
"2001459872512";"57181434";"241720691";"Комбинезон мужской зимний 8831-TWILL-16/90 (р-р 64-66/182)";"6";"0";"6";"0"
"2001459863954";"57181435";"241720515";"Комбинезон 8831-TWILL-71/58";"0";"0";"0";"0"
"2001459854372";"57181436";"241716161";"Комбинезон 8831-TWILL-71/58";"0";"0";"0";"0"
"2001459864012";"57181437";"241716191";"Комбинезон 8831-TWILL-71/58";"0";"0";"0";"0"
"2001459863947";"57181438";"241721103";"Комбинезон 8831-TWILL-71/58";"0";"0";"0";"0"
"2001459863961";"57181439";"241720865";"Комбинезон 8831-TWILL-71/58";"0";"0";"0";"0"
"2001459863978";"57181440";"241715780";"Комбинезон 8831-TWILL-71/58";"0";"0";"0";"0"
"2001459854389";"57181441";"241716040";"Комбинезон 8831-TWILL-71/58";"0";"0";"0";"0"
"2001459863992";"57181442";"241716205";"Комбинезон 8831-TWILL-71/58";"0";"0";"0";"0"
"2001459854396";"57181443";"241720703";"Комбинезон 8831-TWILL-71/58";"0";"0";"0";"0"
"2001459872536";"57181444";"241715789";"Комбинезон 8831-TWILL-71/58";"5";"0";"5";"0"
"2001459875285";"57181445";"241715786";"Комбинезон мужской экстремальный 8831F-PP-13/77 (р-р 44-46/170)";"6";"0";"6";"0"
"2001459875292";"57181446";"241715864";"Комбинезон мужской экстремальный 8831F-PP-13/77 (р-р 48-50/170)";"3";"0";"3";"0"
"2001459875308";"57181447";"241715995";"Комбинезон мужской экстремальный 8831F-PP-13/77 (р-р 48-50/176)";"5";"0";"5";"0"
"2001459875315";"57181448";"241715753";"Комбинезон мужской экстремальный 8831F-PP-13/77 (р-р 48-50/182)";"2";"0";"2";"0"
"2001459875322";"57181449";"241715980";"Комбинезон мужской экстремальный 8831F-PP-13/77 (р-р 52-54/176)";"2";"0";"2";"0"
"2001459875339";"57181450";"241716022";"Комбинезон мужской экстремальный 8831F-PP-13/77 (р-р 52-54/182)";"2";"0";"2";"0"
"2001459875346";"57181451";"241715803";"Комбинезон мужской экстремальный 8831F-PP-13/77 (р-р 52-54/188)";"2";"0";"2";"0"
"2001459875353";"57181452";"241717771";"Комбинезон мужской экстремальный 8831F-PP-13/77 (р-р 56-58/176)";"3";"0";"3";"0"
"2001459875360";"57181453";"241715909";"Комбинезон мужской экстремальный 8831F-PP-13/77 (р-р 56-58/182)";"3";"0";"3";"0"
"2001459864067";"57181454";"241716076";"Комбинезон мужской экстремальный 8831F-PP-71/55 (р-р 48-50/170)";"0";"0";"0";"0"
"2001459875162";"57181455";"241717596";"Комбинезон мужской экстремальный 8831F-PP-71/55 (р-р 48-50/182)";"0";"0";"0";"0"
"2001459864043";"57181456";"241716061";"Комбинезон мужской экстремальный 8831F-PP-71/55 (р-р 44-46/170)";"0";"0";"0";"0"
"2001459864074";"57181457";"241716104";"Комбинезон мужской экстремальный 8831F-PP-71/55 (р-р 48-50/176)";"0";"0";"0";"0"
"2001459875155";"57181458";"241717681";"Комбинезон мужской экстремальный 8831F-PP-71/55 (р-р 44-46/176)";"0";"0";"0";"0"
"2001459864104";"57181459";"241717770";"Комбинезон мужской экстремальный 8831F-PP-71/55 (р-р 52-54/176)";"0";"0";"0";"0"
"2001459864098";"57181460";"241716071";"Комбинезон мужской экстремальный 8831F-PP-71/55 (р-р 52-54/170)";"1";"0";"1";"0"
"2001459864081";"57181461";"241717756";"Комбинезон мужской экстремальный 8831F-PP-71/55 (р-р 48-50/188)";"0";"0";"0";"0"
"2001459864111";"57181462";"241717603";"Комбинезон мужской экстремальный 8831F-PP-71/55 (р-р 52-54/182)";"0";"0";"0";"0"
"2001459864128";"57181463";"241717764";"Комбинезон мужской экстремальный 8831F-PP-71/55 (р-р 52-54/188)";"0";"0";"0";"0"
"2001459875179";"57181464";"241717663";"Комбинезон мужской экстремальный 8831F-PP-71/55 (р-р 56-58/176)";"0";"0";"0";"0"
"2001459864142";"57181465";"241717905";"Комбинезон мужской экстремальный 8831F-PP-71/55 (р-р 56-58/182)";"1";"0";"1";"0"
"2001459864159";"57181466";"241717912";"Комбинезон мужской экстремальный 8831F-PP-71/55 (р-р 56-58/188)";"0";"0";"0";"0"
"2001459875186";"57181467";"241717799";"Комбинезон мужской экстремальный 8831F-PP-71/55 (р-р 60-62/182)";"0";"0";"0";"0"
"2001459875193";"57181468";"241679563";"Комбинезон мужской экстремальный 8831F-PP-80/55 (р-р 44-46/170)";"1";"0";"1";"0"
"2001459875209";"57181469";"241679530";"Комбинезон мужской экстремальный 8831F-PP-80/55 (р-р 48-50/170)";"0";"0";"0";"0"
"2001459875216";"57181470";"241679507";"Комбинезон мужской экстремальный 8831F-PP-80/55 (р-р 48-50/176)";"0";"0";"0";"0"
"2001459875223";"57181471";"241679506";"Комбинезон мужской экстремальный 8831F-PP-80/55 (р-р 48-50/182)";"0";"0";"0";"0"
"2001459875247";"57181472";"241679518";"Комбинезон мужской экстремальный 8831F-PP-80/55 (р-р 52-54/176)";"1";"0";"1";"0"
"2001459875230";"57181473";"241679562";"Комбинезон мужской экстремальный 8831F-PP-80/55 (р-р 52-54/182)";"0";"0";"0";"0"
"2001459841457";"57181474";"242829066";"Куртка рабочая мужская 314-TOMBOY-00 (р-р 40-42/152)";"10";"0";"10";"0"
"2001459875278";"57181475";"241679503";"Комбинезон мужской экстремальный 8831F-PP-80/55 (р-р 56-58/182)";"0";"0";"0";"0"
"2001459875254";"57181476";"241679535";"Комбинезон мужской экстремальный 8831F-PP-80/55 (р-р 52-54/188)";"0";"0";"0";"0"
"2001459875261";"57181477";"241682950";"Комбинезон мужской экстремальный 8831F-PP-80/55 (р-р 56-58/176)";"1";"0";"1";"0"
"2001459855188";"57181478";"242829001";"Куртка рабочая мужская 314-TOMBOY-00 (р-р 40-42/164)";"48";"0";"48";"0"
"2001459841464";"57181479";"242829043";"Куртка рабочая мужская 314-TOMBOY-00 (р-р 40-42/170)";"7";"0";"7";"0"
"2001459841495";"57181480";"242828983";"Куртка рабочая мужская 314-TOMBOY-00 (р-р 44-46/170)";"181";"0";"181";"0"
"2001459841501";"57181481";"242828981";"Куртка рабочая мужская 314-TOMBOY-00 (р-р 44-46/176)";"13";"0";"13";"0"
"2001459841525";"57181482";"242828988";"Куртка рабочая SWW-314";"0";"0";"0";"0"
"2001459855423";"57181483";"242829040";"Куртка рабочая мужская 314-TOMBOY-00 (р-р 48-50/182)";"8";"0";"8";"0"
"2001459855492";"57181484";"242828979";"Куртка рабочая мужская 314-TOMBOY-00 (р-р 52-54/176)";"12";"0";"12";"0"
"2001459855515";"57181485";"242829027";"Куртка рабочая мужская 314-TOMBOY-00 (р-р 52-54/182)";"10";"0";"10";"0"
"2001459855560";"57181486";"242828990";"Куртка рабочая мужская 314-TOMBOY-00 (р-р 52-54/188)";"2";"0";"2";"0"
"2001459855584";"57181487";"242828997";"Куртка рабочая мужская 314-TOMBOY-00 (р-р 56-58/182)";"47";"0";"47";"0"
"2001459853290";"73692572";"262717363";"Комбинезон рабочий летний мужской 830-MU-00 (р-р 48-50/170)";"0";"0";"0";"0"
"2001459853283";"73692575";"262717540";"Комбинезон рабочий летний мужской 830-MU-00 (р-р 44-46/176)";"0";"0";"0";"0"
"2001459853313";"73692576";"262717604";"Комбинезон рабочий летний мужской 830-MU-00 (р-р 48-50/182)";"2";"0";"2";"0"
"2001459853276";"73692577";"262717405";"Комбинезон рабочий летний мужской 830-MU-00 (р-р 44-46/170)";"1";"0";"1";"0"
"2001459853306";"73692578";"262717399";"Комбинезон рабочий летний мужской 830-MU-00 (р-р 48-50/176)";"1";"0";"1";"0"
"2001459860908";"73692579";"262717494";"Комбинезон рабочий летний мужской 830-MU-00 (р-р 52-54/182)";"2";"0";"2";"0"
"2001459860892";"73692581";"262717501";"Комбинезон рабочий летний мужской 830-MU-00 (р-р 52-54/176)";"6";"0";"6";"0"
"2001459860915";"73692582";"262717705";"Комбинезон рабочий летний мужской 830-MU-00 (р-р 52-54/188)";"10";"0";"10";"0"
"2001459872949";"73692583";"266461142";"Комбинезон рабочий летний мужской 830-MU-00 (р-р 56-58/170)";"11";"0";"11";"0"
"2001459872963";"73692586";"262717773";"Комбинезон рабочий летний мужской 830-MU-00 (р-р 56-58/188)";"10";"0";"10";"0"
"2001459872994";"73692587";"262717534";"Комбинезон рабочий летний мужской 830-MU-00 (р-р 64-66/182)";"3";"0";"3";"0"
"2001459872987";"73692588";"262717684";"Комбинезон рабочий летний мужской 830-MU-00 (р-р 60-62/188)";"7";"0";"7";"0"
"2001459831533";"73692589";"262799778";"Комбинезон мужской рабочий оранжевый летний 830-MU-75 (р-р 44-46/176)";"5";"1";"5";"1"
"2001459868720";"73692590";"262717659";"Комбинезон рабочий летний мужской 830-MU-00 (р-р 60-62/182)";"5";"0";"5";"0"
"2001459831526";"73692593";"262717714";"Комбинезон мужской рабочий оранжевый летний 830-MU-75 (р-р 44-46/170)";"2";"0";"2";"0"
"2001459872970";"73692594";"262717579";"Комбинезон рабочий летний мужской 830-MU-00 (р-р 60-62/176)";"3";"0";"3";"0"
"2001459868713";"73692595";"276326203";"Комбинезон рабочий летний мужской 830-MU-00 (р-р 56-58/182)";"14";"0";"14";"0"
"2001459831519";"73692596";"262799790";"Комбинезон мужской рабочий оранжевый летний 830-MU-75 (р-р 44-46/164)";"3";"0";"3";"0"
"2001459872956";"73692597";"262799683";"Комбинезон рабочий летний мужской 830-MU-00 (р-р 56-58/176)";"10";"0";"10";"0"
"2001459831557";"73692598";"262717767";"Комбинезон мужской рабочий оранжевый летний 830-MU-75 (р-р 48-50/176)";"1";"0";"1";"0"
"2001459831540";"73692599";"262717724";"Комбинезон мужской рабочий оранжевый летний 830-MU-75 (р-р 48-50/170)";"2";"1";"2";"1"
"2001459831571";"73692600";"262717787";"Комбинезон мужской рабочий оранжевый летний 830-MU-75 (р-р 48-50/188)";"0";"0";"0";"0"
"2001459831564";"73692601";"262717701";"Комбинезон мужской рабочий оранжевый летний 830-MU-75 (р-р 48-50/182)";"0";"0";"0";"0"
"2001459831601";"73692602";"262717733";"Комбинезон мужской рабочий оранжевый летний 830-MU-75 (р-р 52-54/182)";"9";"0";"9";"0"
"2001459831588";"73692603";"262717680";"Комбинезон мужской рабочий оранжевый летний 830-MU-75 (р-р 52-54/170)";"6";"0";"6";"0"
"2001459831618";"73692604";"276326027";"Комбинезон мужской рабочий оранжевый летний 830-MU-75 (р-р 52-54/188)";"0";"0";"0";"0"
"2001459831595";"73692605";"262717715";"Комбинезон мужской рабочий оранжевый летний 830-MU-75 (р-р 52-54/176)";"2";"1";"2";"1"
"2001459831625";"73692606";"262717780";"Комбинезон мужской рабочий оранжевый летний 830-MU-75 (р-р 56-58/176)";"2";"0";"2";"0"
"2001459831632";"73692607";"262717768";"Комбинезон мужской рабочий оранжевый летний 830-MU-75 (р-р 56-58/182)";"3";"0";"3";"0"
"2001459872925";"73692608";"262717634";"Комбинезон мужской рабочий оранжевый летний 830-MU-75 (р-р 56-58/170)";"2";"0";"2";"0"
"2001459831649";"73692609";"262799833";"Комбинезон мужской рабочий оранжевый летний 830-MU-75 (р-р 56-58/188)";"1";"0";"1";"0"
"2001459831656";"73692610";"276325881";"Комбинезон мужской рабочий оранжевый летний 830-MU-75 (р-р 60-62/182)";"1";"0";"1";"0"
"2001459831670";"73692611";"276326064";"Комбинезон мужской рабочий оранжевый летний 830-MU-75 (р-р 64-66/182)";"0";"0";"0";"0"
"2001459831687";"73692612";"262717809";"Комбинезон мужской рабочий оранжевый летний 830-MU-75 (р-р 64-66/188)";"0";"0";"0";"0"
"2001459877784";"272373142";"563020709";"Куртка демисезонная рабочая 442NU (р-р 44-46/ 170-176)";"1";"0";"1";"0"
"2001459877845";"272373143";"563020550";"Куртка демисезонная рабочая 442NU (р-р 56-58/ 182-188)";"1";"0";"1";"0"
"2001459877807";"272373144";"563019661";"Куртка демисезонная рабочая 442NU (р-р 48-50/ 182-188)";"10";"0";"10";"0"
"2001459877821";"272373145";"563019782";"Куртка демисезонная рабочая 442NU (р-р 52-54/ 182-188)";"10";"0";"10";"0"
"2001459877791";"272373146";"563020016";"Куртка демисезонная рабочая 442NU (р-р 48-50/ 170-176)";"4";"0";"4";"0"
"2001459877814";"272373147";"563019843";"Куртка демисезонная рабочая 442NU (р-р 52-54/ 170-176)";"10";"0";"10";"0"
"2001459877838";"272373148";"563020858";"Куртка демисезонная рабочая 442NU (р-р 56-58/ 170-176)";"2";"0";"2";"0"
"2001459854334";"272501026";"563237672";"Куртка зимняя тёмно-синяя рабочая 442KC-TASLAN-15 (р-р 48-50/ 182-188)";"2";"0";"2";"0"
"2001459854303";"272515625";"563257260";"Куртка зимняя тёмно-синяя рабочая 442KC-TASLAN-15 (р-р 44-46/ 170-176)";"1";"0";"1";"0"
"2001459875773";"272515626";"563261091";"Куртка зимняя тёмно-синяя рабочая 442KC-TASLAN-15 (р-р 56-58/ 182-188)";"5";"0";"5";"0"
"2001459854341";"272515627";"563256791";"Куртка зимняя тёмно-синяя рабочая 442KC-TASLAN-15 (р-р 52-54/ 170-176)";"2";"0";"2";"0"
"2001459854310";"272515628";"563257420";"Куртка зимняя тёмно-синяя рабочая 442KC-TASLAN-15 (р-р 48-50/ 158-164)";"1";"0";"1";"0"
"2001459854358";"272515629";"563257250";"Куртка зимняя пилот (бомбер) 442KC-TASLAN-15 (р-р 52-54/ 182-188)";"3";"0";"3";"0"
"2001459883068";"272515630";"563257677";"Куртка зимняя тёмно-синяя рабочая 442KC-TASLAN-15 (р-р 64-66/ 170-176)";"3";"0";"3";"0"
"2001459854327";"272515631";"563256925";"Куртка зимняя тёмно-синяя рабочая 442KC-TASLAN-15 (р-р 48-50/ 170-176)";"1";"0";"1";"0"
"2001459875803";"272515632";"563261894";"Куртка зимняя тёмно-синяя рабочая 442KC-TASLAN-15 (р-р 64-66/ 182-188)";"4";"0";"4";"0"
"2001459875797";"272515634";"563285369";"Куртка зимняя пилот (бомбер) 442KC-TASLAN-15 (р-р 60-62/ 182-188)";"2";"0";"2";"0"
"2001459875766";"272515635";"563256802";"Куртка зимняя тёмно-синяя рабочая 442KC-TASLAN-15 (р-р 56-58/ 170-176)";"4";"0";"4";"0"
"2001459875759";"272515636";"563257258";"Куртка зимняя тёмно-синяя рабочая 442KC-TASLAN-15 (р-р 44-46/ 158-164)";"1";"0";"1";"0"
"2001459875780";"272515637";"563258186";"Куртка зимняя тёмно-синяя рабочая 442KC-TASLAN-15 (р-р 60-62/ 170-176)";"2";"0";"2";"0"
"2001459845110";"276838863";"569019807";"Комбинезон мужской утеплённый 888N-TWILL-16/58 (р-р 52-54/176)";"10";"0";"10";"0"
"2001459882474";"276838864";"569020071";"Комбинезон мужской утеплённый 888N-TWILL-16/58 (р-р 48-50/164)";"9";"0";"9";"0"
"2001459883051";"277587879";"569868326";"Куртка зимняя тёмно-фиолетовая рабочая 442KC-TWILL-14 (р-р 64-66/ 182-188)";"3";"0";"3";"0"
"2001459875490";"277587880";"569870747";"Куртка зимняя чёрная рабочая 442KC-TASLAN-90 (р-р 60-62/ 170-176)";"4";"0";"4";"0"
"2001459882962";"277587881";"569880354";"Куртка зимняя тёмно-фиолетовая рабочая 442KC-TWILL-14 (р-р 48-50/ 170-176)";"2";"0";"2";"0"
"2001459882986";"277587882";"569983845";"Куртка зимняя тёмно-фиолетовая рабочая 442KC-TWILL-14 (р-р 52-54/ 170-176)";"1";"0";"1";"0"
"2001459846025";"277587883";"570036914";"Бомбер 442KC-TWILL-90";"0";"0";"0";"0"
"2001459882955";"277587884";"569873116";"Куртка зимняя тёмно-фиолетовая рабочая 442KC-TWILL-14 (р-р 48-50/ 158-164)";"2";"0";"2";"0"
"2001459883013";"277587885";"569873114";"Куртка зимняя тёмно-фиолетовая рабочая 442KC-TWILL-14 (р-р 56-58/ 182-188)";"3";"0";"3";"0"
"2001459846018";"277587886";"569880091";"Куртка зимняя чёрная рабочая 442KC-TWILL-90 (р-р 48-50/ 182-188)";"4";"0";"4";"0"
"2001459883020";"277587887";"569868331";"Куртка зимняя тёмно-фиолетовая рабочая 442KC-TWILL-14 (р-р 60-62/ 170-176)";"2";"0";"2";"0"
"2001459882993";"277587888";"569868769";"Куртка зимняя тёмно-фиолетовая рабочая 442KC-TWILL-14 (р-р 52-54/ 182-188)";"2";"0";"2";"0"
"2001459875476";"277587897";"569868982";"Куртка зимняя чёрная рабочая 442KC-TASLAN-90 (р-р 44-46/ 158-164)";"2";"0";"2";"0"
"2001459875513";"277587898";"569868370";"Куртка зимняя чёрная рабочая 442KC-TASLAN-90 (р-р 64-66/ 170-176)";"4";"0";"4";"0"
"2001459882948";"277587899";"569868840";"Куртка зимняя тёмно-фиолетовая рабочая 442KC-TWILL-14 (р-р 44-46/ 170-176)";"1";"0";"1";"0"
"2001459874462";"277587901";"569868340";"Куртка зимняя чёрная рабочая 442KC-TWILL-90 (р-р 64-66/ 182-188)";"2";"0";"2";"0"
"2001459860625";"277587902";"569868195";"Куртка зимняя чёрная рабочая 442KC-TWILL-90 (р-р 56-58/ 170-176)";"5";"0";"5";"0"
"2001459846056";"277587903";"569880684";"Куртка зимняя пилот (бомбер) 442KC-TWILL-90 (р-р 60-62/ 182-188)";"6";"0";"6";"0"
"2001459883006";"277587904";"569869286";"Куртка зимняя тёмно-фиолетовая рабочая 442KC-TWILL-14 (р-р 56-58/ 170-176)";"3";"0";"3";"0"
"2001459864463";"277587905";"569873349";"Куртка зимняя чёрная рабочая 442KC-TWILL-90 (р-р 60-62/ 170-176)";"4";"0";"4";"0"
"2001459854259";"277587906";"569868343";"Куртка зимняя чёрная рабочая 442KC-TASLAN-90 (р-р 48-50/ 170-176)";"1";"0";"1";"0"
"2001459854273";"277587907";"569873466";"Куртка зимняя чёрная рабочая 442KC-TASLAN-90 (р-р 52-54/ 170-176)";"0";"0";"0";"0"
"2001459854235";"277587908";"569881117";"Куртка зимняя чёрная рабочая 442KC-TASLAN-90 (р-р 44-46/ 170-176)";"3";"0";"3";"0"
"2001459854280";"277587909";"569874233";"Куртка зимняя чёрная рабочая 442KC-TASLAN-90 (р-р 52-54/ 182-188)";"1";"0";"1";"0"
"2001459854266";"277587910";"569872674";"Куртка зимняя чёрная рабочая 442KC-TASLAN-90 (р-р 48-50/ 182-188)";"2";"0";"2";"0"
"2001459875520";"277587911";"570473100";"Куртка зимняя чёрная рабочая 442KC-TASLAN-90 (р-р 64-66/ 182-188)";"3";"0";"3";"0"
"2001459875483";"277587913";"569874721";"Куртка зимняя чёрная рабочая 442KC-TASLAN-90 (р-р 56-58/ 170-176)";"5";"0";"5";"0"
"2001459882979";"277587914";"569880870";"Куртка зимняя тёмно-фиолетовая рабочая 442KC-TWILL-14 (р-р 48-50/ 182-188)";"10";"0";"10";"0"
"2001459846032";"277587915";"570473863";"Куртка зимняя чёрная рабочая 442KC-TWILL-90 (р-р 52-54/182-188)";"2";"0";"2";"0"
"2001459845981";"277587916";"569868939";"Куртка зимняя чёрная рабочая 442KC-TWILL-90 (р-р 44-46/ 158-164)";"2";"0";"2";"0"
"2001459846049";"277587917";"569869236";"Куртка зимняя чёрная рабочая 442KC-TWILL-90 (р-р 56-58/ 182-188)";"3";"0";"3";"0"
"2001459882931";"277587918";"569881161";"Куртка зимняя пилот (бомбер) 442KC-TWILL-14 (р-р 44-46/ 158-164)";"2";"0";"2";"0"
"2001459883037";"277587919";"570474247";"Куртка зимняя тёмно-фиолетовая рабочая 442KC-TWILL-14 (р-р 60-62/ 182-188)";"1";"0";"1";"0"
"2001459854242";"277587920";"570473867";"Куртка зимняя чёрная рабочая 442KC-TASLAN-90 (р-р 48-50/158-164)";"3";"0";"3";"0"
"2001459854297";"277587921";"569874894";"Куртка зимняя чёрная рабочая 442KC-TASLAN-90 (р-р 56-58/ 182-188)";"4";"0";"4";"0"
"2001459875506";"277587922";"569868764";"Куртка зимняя чёрная рабочая 442KC-TASLAN-90 (р-р 60-62/ 182-188)";"4";"0";"4";"0"
"2001459845998";"277587923";"569868139";"Куртка зимняя чёрная рабочая 442KC-TWILL-90 (р-р 44-46/ 170-176)";"2";"0";"2";"0"
"2001459883044";"277587924";"569881554";"Куртка зимняя пилот (бомбер) 442KC-TWILL-14 (р-р 64-66/ 170-176)";"4";"0";"4";"0"
"2001459884461";"282259807";"576806982";"Комбинезон мужской рабочий летний 830-SU-79 (р-р 48-50/182)";"0";"0";"0";"0"
"2001459884478";"282259808";"576845237";"Комбинезон мужской рабочий летний 830-SU-79 (р-р 48-50/188)";"0";"0";"0";"0"
"2001459884492";"282259809";"576833185";"Комбинезон мужской рабочий летний 830-SU-79 (р-р 52-54/176)";"7";"0";"7";"0"
"2001459884508";"282259810";"576808574";"Комбинезон мужской рабочий летний 830-SU-79 (р-р 52-54/182)";"9";"0";"9";"0"
"2001459884409";"282259811";"576830664";"Комбинезон мужской рабочий летний 830-SU-79 (р-р 44-46/164)";"0";"0";"0";"0"
"2001459884393";"282259812";"576832471";"Комбинезон мужской рабочий летний 830-SU-79 (р-р 40-42/164)";"9";"0";"9";"0"
"2001459884485";"282259813";"576808770";"Комбинезон мужской рабочий летний 830-SU-79 (р-р 52-54/170)";"1";"0";"1";"0"
"2001459884423";"282259814";"576807880";"Комбинезон мужской рабочий летний 830-SU-79 (р-р 44-46/176)";"0";"0";"0";"0"
"2001459884386";"282259815";"576807452";"Комбинезон мужской рабочий летний 830-SU-79 (р-р 40-42/158)";"23";"0";"23";"0"
"2001459884522";"282259816";"576808627";"Комбинезон мужской рабочий летний 830-SU-79 (р-р 56-58/170)";"4";"0";"4";"0"
"2001459884539";"282259817";"576807235";"Комбинезон мужской рабочий летний 830-SU-79 (р-р 56-58/176)";"0";"0";"0";"0"
"2001459884416";"282259818";"576806862";"Комбинезон мужской рабочий летний 830-SU-79 (р-р 44-46/170)";"0";"0";"0";"0"
"2001459884515";"282259819";"576806565";"Комбинезон мужской рабочий летний 830-SU-79 (р-р 52-54/188)";"0";"0";"0";"0"
"2001459884553";"282259820";"576812635";"Комбинезон мужской рабочий летний 830-SU-79 (р-р 56-58/188)";"0";"0";"0";"0"
"2001459884546";"282259821";"576808565";"Комбинезон мужской рабочий летний 830-SU-79 (р-р 56-58/182)";"2";"0";"2";"0"
"2001459884447";"282259822";"576808766";"Комбинезон мужской рабочий летний 830-SU-79 (р-р 48-50/170)";"1";"0";"1";"0"
"2001459884430";"282259823";"576809194";"Комбинезон мужской рабочий летний 830-SU-79 (р-р 48-50/164)";"5";"0";"5";"0"
"2001459884454";"282259824";"576814761";"Комбинезон мужской рабочий летний 830-SU-79 (р-р 48-50/176)";"0";"0";"0";"0"
"2001459879023";"297142585";"600234775";"Комбинезон оранжевый мужской 830-SU-77 (р-р 44-46/176)";"0";"0";"0";"0"
"2001459879054";"297172013";"600296747";"Комбинезон оранжевый мужской 830-SU-77 (р-р 52-54/170)";"0";"0";"0";"0"
"2001459879108";"297172014";"600296765";"Комбинезон оранжевый мужской 830-SU-77 (р-р 56-58/182)";"2";"1";"2";"1"
"2001459879115";"297172015";"600298263";"Комбинезон оранжевый мужской 830-SU-77 (р-р 56-58/188)";"0";"0";"0";"0"
"2001459879078";"297172016";"600297091";"Комбинезон оранжевый мужской 830-SU-77 (р-р 52-54/182)";"0";"0";"0";"0"
"2001459879085";"297172017";"600309776";"Комбинезон оранжевый мужской 830-SU-77 (р-р 56-58/170)";"7";"0";"7";"0"
"2001459879092";"297172018";"600295894";"Комбинезон оранжевый мужской 830-SU-77 (р-р 56-58/176)";"13";"0";"13";"0"
"2001459879061";"297172019";"600296094";"Комбинезон оранжевый мужской 830-SU-77 (р-р 52-54/176)";"0";"0";"0";"0"
"2001459860861";"297179766";"600309824";"Комбинезон рабочий летний мужской 830-MU-00 (р-р 44-46/164)";"0";"0";"0";"0"
"2001459882030";"297179767";"600310369";"Комбинезон рабочий летний мужской 830-MU-00 (р-р 64-66/176)";"4";"0";"4";"0"
"2001459885512";"297179768";"600310225";"Комбинезон мужской рабочий оранжевый летний 830-MU-75 (р-р 40-42/164)";"10";"0";"10";"0"
"2001459882016";"297179769";"600309561";"Комбинезон рабочий летний мужской 830-MU-00 (р-р 40-42/158)";"3";"0";"3";"0"
"2001459885505";"297179770";"600309558";"Комбинезон мужской рабочий оранжевый летний 830-MU-75 (р-р 40-42/158)";"7";"0";"7";"0"
"2001459860878";"297179771";"600309195";"Комбинезон рабочий летний мужской 830-MU-00 (р-р 48-50/188)";"3";"0";"3";"0"
"2001459882023";"297179772";"600308936";"Комбинезон рабочий летний мужской 830-MU-00 (р-р 40-42/164)";"4";"0";"4";"0"
"2001459882047";"297179773";"600309184";"Комбинезон рабочий летний мужской 830-MU-00 (р-р 64-66/188)";"3";"0";"3";"0"
"2001459864227";"297437486";"600702764";"Комбинезон мужской синий 830W-P154-16 (р-р 48-50/176)";"0";"0";"0";"0"
"2001459864937";"297440101";"600784887";"Комбинезон мужской синий 830W-P154-15 (р-р 48-50/176)";"0";"0";"0";"0"
"2001459864913";"297443441";"600859383";"Комбинезон мужской синий 830W-P154-15 (р-р 44-46/176)";"1";"0";"1";"0"
"2001459864944";"297443442";"600868804";"Комбинезон мужской синий 830W-P154-15 (р-р 48-50/182)";"0";"0";"0";"0"
"2001459864920";"297443443";"600863552";"Комбинезон мужской синий 830W-P154-15 (р-р 48-50/170)";"1";"0";"1";"0"
"2001459864975";"297443444";"600877966";"Комбинезон мужской синий 830W-P154-15 (р-р 52-54/176)";"0";"0";"0";"0"
"2001459880043";"297575275";"600891277";"Полукомбинезон рабочий синий 51-2-P154-14 с карманами для наколенников (р-р 48-50/170-176)";"20";"1";"20";"1"
"2001459886182";"297619594";"601257138";"Полукомбинезон рабочий синий 51-2-P154-14 с карманами для наколенников (р-р 64-66/182-188)";"7";"0";"7";"0"
"2001459886175";"297619595";"601254155";"Полукомбинезон рабочий синий 51-2-P154-14 с карманами для наколенников (р-р 60-62/182-188)";"8";"0";"8";"0"
"2001459880074";"297619596";"601251770";"Полукомбинезон рабочий синий 51-2-P154-14 с карманами для наколенников (р-р 52-54/182-188)";"51";"1";"51";"1"
"2001459880050";"297619597";"601253337";"Полукомбинезон рабочий синий 51-2-P154-14 с карманами для наколенников (р-р 48-50/182-188)";"60";"0";"60";"0"
"2001459880081";"297619598";"601254769";"Полукомбинезон рабочий синий 51-2-P154-14 с карманами для наколенников (р-р 56-58/170-176)";"14";"1";"14";"1"
"2001459880098";"297619599";"601254235";"Полукомбинезон рабочий синий 51-2-P154-14 с карманами для наколенников (р-р 56-58/182-188)";"14";"0";"14";"0"
"2001459880067";"297619600";"601253075";"Полукомбинезон рабочий синий 51-2-P154-14 с карманами для наколенников (р-р 52-54/170-176)";"43";"0";"43";"0"
"2001459885468";"297619601";"601252928";"Полукомбинезон рабочий синий 51-2-P154-14 с карманами для наколенников (р-р 44-46/170-176)";"9";"2";"9";"2"
"2001459860090";"297908027";"601367126";"Полукомбинезон рабочий серый 51-2-P154-55 с карманами для наколенников (р-р 48-50/170-176)";"0";"0";"0";"0"
"2001459860137";"298352623";"602080707";"Полукомбинезон рабочий серый 51-2-P154-55 с карманами для наколенников (р-р 56-58/170-176)";"0";"0";"0";"0"
"2001459860120";"298352624";"602084544";"Полукомбинезон рабочий серый 51-2-P154-55 с карманами для наколенников (р-р 52-54/182-188)";"0";"0";"0";"0"
"2001459860113";"298352625";"602083847";"Полукомбинезон рабочий серый 51-2-P154-55 с карманами для наколенников (р-р 52-54/170-176)";"0";"0";"0";"0"
"2001459860106";"298352626";"602083852";"Полукомбинезон рабочий серый 51-2-P154-55 с карманами для наколенников (р-р 48-50/182-188)";"0";"0";"0";"0"
"2001459860144";"298352627";"602084132";"Полукомбинезон рабочий серый 51-2-P154-55 с карманами для наколенников (р-р 56-58/182-188)";"0";"0";"0";"0"
"2001459860083";"298352628";"602080711";"Полукомбинезон рабочий серый 51-2-P154-55 с карманами для наколенников (р-р 44-46/170-176)";"0";"0";"0";"0"
"2001459885758";"298641410";"602453193";"Полукомбинезон рабочий зелёный 51-2-P154-21 с карманами для наколенников (р-р 48-50/170-176)";"2";"1";"2";"1"
"2001459885741";"298683748";"602576638";"Полукомбинезон рабочий зелёный 51-2-P154-21 с карманами для наколенников (р-р 44-46/170-176)";"2";"0";"2";"0"
"2001459885772";"298683749";"602575837";"Полукомбинезон рабочий зелёный 51-2-P154-21 с карманами для наколенников (р-р 52-54/170-176)";"3";"0";"3";"0"
"2001459885789";"298683750";"602577113";"Полукомбинезон рабочий зелёный 51-2-P154-21 с карманами для наколенников (р-р 52-54/182-188)";"10";"0";"10";"0"
"2001459885802";"298683751";"602575839";"Полукомбинезон рабочий зелёный 51-2-P154-21 с карманами для наколенников (р-р 56-58/182-188)";"5";"0";"5";"0"
"2001459885765";"298683752";"602575841";"Полукомбинезон рабочий зелёный 51-2-P154-21 с карманами для наколенников (р-р 48-50/182-188)";"13";"0";"13";"0"
"2001459885796";"298683753";"602577105";"Полукомбинезон рабочий зелёный 51-2-P154-21 с карманами для наколенников (р-р56-58/170-176)";"4";"0";"4";"0"
"2001459876855";"310050584";"620459649";"Китель повара унисекс красный 379A-Trendlite (р-р 48-50/170-176) ";"9";"0";"9";"0"
"2001459876893";"310116155";"620580771";"Китель повара унисекс красный 379A-Trendlite (р-р 56-58/170-176) ";"10";"0";"10";"0"
"2001459876879";"310116156";"620580777";"Китель повара унисекс красный 379A-Trendlite (р-р 52-54/170-176) ";"23";"0";"23";"0"
"2001459876886";"310116157";"620580725";"Китель повара унисекс красный 379A-Trendlite (р-р 52-54/182-188) ";"31";"0";"31";"0"
"2001459876848";"310116158";"620580732";"Китель повара унисекс красный 379A-Trendlite (р-р 44-46/170-176) ";"6";"0";"6";"0"
"2001459876824";"310116159";"620580749";"Китель повара унисекс зелёный 379A-P159 (р-р 56-58/182-188) ";"0";"0";"0";"0"
"2001459876930";"310116160";"620580747";"Китель повара унисекс бордовый 379A-P159 (р-р 48-50/182-188 ";"0";"0";"0";"0"
"2001459876954";"310116161";"620586520";"Китель повара унисекс бордовый 379A-P159 (р-р 52-54/182-188) ";"0";"0";"0";"0"
"2001459876961";"310116162";"620586531";"Китель повара унисекс бордовый 379A-P159 (р-р 56-58/170-176) ";"0";"0";"0";"0"
"2001459876923";"310116163";"620586518";"Китель повара унисекс бордовый 379A-P159 (р-р 48-50/170-176) ";"0";"0";"0";"0"
"2001459876794";"310116164";"620586529";"Китель повара унисекс зелёный 379A-P159 (р-р 52-54/170-176) ";"0";"0";"0";"0"
"2001459876800";"310116165";"620580738";"Китель повара унисекс зелёный 379A-P159 (р-р 52-54/182-188) ";"0";"0";"0";"0"
"2001459876831";"310116166";"620580813";"Китель повара унисекс зелёный 379A-P159 (р-р 60-62/182-188) ";"0";"0";"0";"0"
"2001459876909";"310116167";"620580816";"Китель повара унисекс красный 379A-Trendlite (р-р 56-58/182-188) ";"21";"0";"21";"0"
"2001459876862";"310116168";"620580761";"Китель повара унисекс красный 379A-Trendlite (р-р 48-50/182-188)";"30";"1";"30";"1"
"2001459876817";"310116169";"620580755";"Китель повара унисекс зелёный 379A-P159 (р-р 56-58/170-176) ";"0";"0";"0";"0"
"2001459876916";"310116170";"620580820";"Китель повара унисекс бордовый 379A-P159 (р-р 44-46/170-176) ";"0";"0";"0";"0"
"2001459876978";"310116171";"620580766";"Китель повара унисекс бордовый 379A-P159 (р-р 56-58/182-188) ";"1";"0";"1";"0"
"2001459824825";"310420839";"621163441";"Китель повара унисекс белый 379T-P92 (р-р 48-50/170-176)";"0";"0";"0";"0"
"2001459879528";"310454482";"621209105";"Китель повара унисекс белый 379T-P92 (р-р 56-58/182-188)";"19";"0";"19";"0"
"2001459824856";"310454483";"621209040";"Китель повара унисекс белый 379T-P92 (р-р 56-58/170-176)";"19";"0";"19";"0"
"2001459824795";"310454484";"621207910";"Китель повара унисекс белый 379T-P92 (р-р 44-46/158-164)";"0";"0";"0";"0"
"2001459879559";"310454485";"621207938";"Китель повара унисекс белый 379T-P92 (р-р 64-66/182-188)";"2";"1";"2";"1"
"2001459824849";"310454486";"621207969";"Китель повара унисекс белый 379T-P92 (р-р 52-54/170-176)";"8";"0";"8";"0"
"2001459879535";"310454487";"621208987";"Китель повара унисекс белый 379T-P92 (р-р 60-62/170-176)";"1";"0";"1";"0"
"2001459824832";"310454488";"621209026";"Китель повара унисекс белый 379T-P92 (р-р 48-50/182-188)";"2";"0";"2";"0"
"2001459824818";"310454489";"621209081";"Китель повара унисекс белый 379T-P92 (р-р 48-50/158-164)";"0";"0";"0";"0"
"2001459879511";"310454490";"621209064";"Китель повара унисекс белый 379T-P92 (р-р 52-54/182-188)";"15";"0";"15";"0"
"2001459824801";"310454491";"621209008";"Китель повара унисекс белый 379T-P92 (р-р 44-46/170-176)";"0";"0";"0";"0"
"2001459879542";"310454492";"621207996";"Китель повара унисекс белый 379T-P92 (р-р 60-62/182-188)";"5";"0";"5";"0"
"2001459866269";"314972034";"629500167";"Полукомбинезон рабочий из хлопка 51-2-MU-15 с карманами для наколенников (р-р 48-50/170-176)";"0";"0";"0";"0"
"2001459866290";"315066833";"629759805";"Полукомбинезон рабочий из хлопка 51-2-MU-15 с карманами для наколенников (р-р 52-54/182-188)";"0";"0";"0";"0"
"2001459866276";"315066834";"629655516";"Полукомбинезон рабочий из хлопка 51-2-MU-15 с карманами для наколенников (р-р 48-50/182-188)";"5";"0";"5";"0"
"2001459866306";"315066835";"629654723";"Полукомбинезон рабочий из хлопка 51-2-MU-15 с карманами для наколенников (р-р 56-58/182-188)";"0";"0";"0";"0"
"2001459866252";"315066836";"629655467";"Полукомбинезон рабочий из хлопка 51-2-MU-15 с карманами для наколенников (р-р 44-46/170-176)";"0";"0";"0";"0"
"2001459866283";"315066837";"629655536";"Полукомбинезон рабочий из хлопка 51-2-MU-15 с карманами для наколенников (р-р 52-54/170-176)";"0";"0";"0";"0"
"2001459885659";"316133770";"631506305";"Китель повара унисекс белый 379A-P159 (р-р 48-50/182-188)";"0";"0";"0";"0"
"2001459885628";"316133771";"631506251";"Китель повара унисекс белый 379A-P159 (р-р 44-46/170-176)";"0";"0";"0";"0"
"2001459885727";"316133772";"631506247";"Китель повара унисекс белый 379A-P159 (р-р 64-66/170-176)";"0";"0";"0";"0"
"2001459885673";"316133773";"631506236";"Китель повара унисекс белый 379A-P159 (р-р 52-54/182-188)";"0";"0";"0";"0"
"2001459885666";"316133774";"631506263";"Китель повара унисекс белый 379A-P159 (р-р 52-54/170-176)";"0";"0";"0";"0"
"2001459885642";"316133775";"631506350";"Китель повара унисекс белый 379A-P159 (р-р 48-50/170-176)";"0";"0";"0";"0"
"2001459885734";"316133776";"631506344";"Китель повара унисекс белый 379A-P159 (р-р 64-66/182-188)";"0";"0";"0";"0"
"2001459885703";"316133777";"631506347";"Китель повара унисекс белый 379A-P159 (р-р 60-62/170-176)";"0";"0";"0";"0"
"2001459885635";"316133778";"631506255";"Китель повара унисекс белый 379A-P159 (р-р 48-50/158-164)";"0";"0";"0";"0"
"2001459885710";"316133779";"631506301";"Китель повара унисекс белый 379A-P159 (р-р 60-62/182-188)";"2";"0";"2";"0"
"2001459885611";"316133780";"631506340";"Китель повара унисекс белый 379A-P159 (р-р 44-46/158-164) ";"0";"0";"0";"0"
"2001459885680";"316133781";"631506341";"Китель повара унисекс белый 379A-P159 (р-р 56-58/170-176)";"0";"0";"0";"0"
"2001459885697";"316133782";"631506162";"Китель повара унисекс белый 379A-P159 (р-р 56-58/182-188)";"5";"0";"5";"0"
"2001459878354";"317509262";"633570832";"Комбинезон мужской рабочий оранжевый летний 830-MU-75 (р-р 60-62/176)";"1";"0";"1";"0"
"2001459865934";"317509263";"633570848";"Комбинезон мужской рабочий оранжевый летний 830-MU-75 (р-р 48-50/164)";"0";"0";"0";"0"
"2001459831663";"317509264";"633570854";"Комбинезон мужской рабочий оранжевый летний 830-MU-75 (р-р 60-62/188)";"0";"0";"0";"0"
"2001459885529";"317509265";"633570855";"Комбинезон мужской рабочий оранжевый летний 830-MU-75 (р-р 64-66/176)";"0";"0";"0";"0"
"2001459887677";"317810797";"634194674";"Бриджи мужские 222b-CY-31 (р-р 44-46/158-164)";"6";"0";"6";"0"
"2001459887691";"317836268";"634236438";"Бриджи мужские 222b-CY-31 (р-р 48-50/170-176)";"5";"0";"5";"0"
"2001459887738";"317836269";"634236427";"Бриджи мужские 222b-CY-31 (р-р 56-58/170-176)";"5";"0";"5";"0"
"2001459887776";"317836270";"634235341";"Бриджи мужские 222b-CY-31 (р-р 64-66/182-188)";"2";"0";"2";"0"
"2001459887707";"317836271";"634235344";"Бриджи мужские 222b-CY-31 (р-р 48-50/182-188)";"10";"0";"10";"0"
"2001459887745";"317836272";"634235345";"Бриджи мужские 222b-CY-31 (р-р 56-58/182-188)";"8";"0";"8";"0"
"2001459887752";"317836273";"634236819";"Бриджи мужские 222b-CY-31 (р-р 60-62/170-176)";"6";"0";"6";"0"
"2001459887769";"317836274";"634236659";"Бриджи мужские 222b-CY-31 (р-р 60-62/182-188)";"4";"0";"4";"0"
"2001459887721";"317836275";"634235348";"Бриджи мужские 222b-CY-31 (р-р 52-54/182-188)";"9";"0";"9";"0"
"2001459887684";"317836276";"634236670";"Бриджи мужские 222b-CY-31 (р-р 44-46/170-176)";"4";"0";"4";"0"
"2001459887714";"317836277";"634236935";"Бриджи мужские 222b-CY-31 (р-р 52-54/170-176)";"9";"0";"9";"0"
"2001459869949";"320156704";"638098970";"Комбинезон автомеханика красный 818N-PP-80 (р-р 48-50/176)";"0";"0";"0";"0"
"2001459869994";"320376255";"638421332";"Комбинезон автомеханика красный 818N-PP-80 (р-р 56-58/188)";"5";"0";"5";"0"
"2001459887622";"320376256";"638421336";"Комбинезон автомеханика красный 818N-PP-80 (р-р 60-62/188)";"4";"0";"4";"0"
"2001459887615";"320376257";"638421245";"Комбинезон автомеханика красный 818N-PP-80 (р-р 60-62/176)";"5";"0";"5";"0"
"2001459869963";"320376258";"638421331";"Комбинезон автомеханика красный 818N-PP-80 (р-р 52-54/176)";"5";"0";"5";"0"
"2001459869956";"320376259";"638421257";"Комбинезон автомеханика красный 818N-PP-80 (р-р 48-50/188)";"4";"0";"4";"0"
"2001459869970";"320376260";"638421251";"Комбинезон автомеханика красный 818N-PP-80 (р-р 52-54/188)";"2";"0";"2";"0"
"2001459869987";"320376261";"638424447";"Комбинезон автомеханика красный 818N-PP-80 (р-р 56-58/176)";"5";"0";"5";"0"
"2001459877098";"327247259";"648853104";"Ветровка из хлопка 475TBIG-FAS-14 синяя большого размера (р-р 68-70/182-188)";"0";"0";"0";"0"
"2000225170012";"327289579";"648903294";"Ветровка из хлопка 475TBIG-FAS-14 синяя большого размера (р-р 80-82/188)";"0";"0";"0";"0"
"2001459877043";"327289580";"648903304";"Ветровка из хлопка 475TBIG-FAS-14 синяя большого размера (р-р 52-54/194-200)";"0";"0";"0";"0"
"2001459877159";"327289582";"648903299";"Ветровка из хлопка 475TBIG-FAS-14 синяя большого размера (р-р 80-82/182-188)";"0";"0";"0";"0"
"2001459877104";"327289583";"648903160";"Ветровка из хлопка 475TBIG-FAS-14 синяя большого размера (р-р 72-74/170-176)";"0";"0";"0";"0"
"2001459877128";"327289584";"648903200";"Ветровка из хлопка 475TBIG-FAS-14 синяя большого размера (р-р 76-78/170-176)";"0";"0";"0";"0"
"2001459877111";"327289585";"648903199";"Ветровка из хлопка 475TBIG-FAS-14 синяя большого размера (р-р 72-74/182-188)";"0";"0";"0";"0"
"2001459877050";"327289588";"648903091";"Ветровка из хлопка 475TBIG-FAS-14 синяя большого размера (р-р 56-58/194-200)";"0";"0";"0";"0"
"2000225110018";"327289589";"648903211";"Ветровка из хлопка 475TBIG-FAS-14 синяя большого размера (р-р 76-78/176)";"0";"0";"0";"0"
"2001459877142";"327289592";"648903164";"Ветровка из хлопка 475TBIG-FAS-14 синяя большого размера (р-р 80-82/170-176)";"0";"0";"0";"0"
"2000225150014";"327289600";"648903179";"Ветровка из хлопка 475TBIG-FAS-14 синяя большого размера (р-р 80-82/176)";"0";"0";"0";"0"
"2000225180011";"327289601";"648903321";"Ветровка из хлопка 475TBIG-FAS-14 синяя большого размера (р-р 80-82/194)";"0";"0";"0";"0"
"2000225160013";"327289602";"648903317";"Ветровка из хлопка 475TBIG-FAS-14 синяя большого размера (р-р 80-82/182)";"0";"0";"0";"0"
"2001459877036";"327289604";"648903202";"Ветровка из хлопка 475TBIG-FAS-14 синяя большого размера (р-р 48-50/194-200)";"0";"0";"0";"0"
"2001459877074";"327289607";"648903195";"Ветровка из хлопка 475TBIG-FAS-14 синяя большого размера (р-р 64-66/194-200)";"0";"0";"0";"0"
"2001459877067";"327289608";"648903322";"Ветровка из хлопка 475TBIG-FAS-14 синяя большого размера (р-р 60-62/194-200)";"0";"0";"0";"0"
"2001459877081";"327289610";"649405149";"Ветровка из хлопка 475TBIG-FAS-14 синяя большого размера (р-р 68-70/170-176)";"0";"0";"0";"0"
"2001459877135";"327289614";"648903173";"Ветровка из хлопка 475TBIG-FAS-14 синяя большого размера (р-р 76-78/182-188)";"0";"0";"0";"0"
"2000240840013";"328023717";"649320628";"Ветровка из хлопка 475TBIG-FAS-24 зеленая большого размера (р-р 56-58/194)";"0";"0";"0";"0"
"2001459821213";"328050903";"649364853";"Ветровка из хлопка 475T-FAS-90 черная  (р-р 56-58/170-176)";"0";"0";"0";"0"
"2001459827727";"329098328";"651854480";"Ветровка из хлопка 475T-FAS-55 серая (р-р 56-58/170-176)";"0";"0";"0";"0"
"2001459877166";"329114620";"651871101";"Ветровка из хлопка 475T-FAS-55 серая (р-р 44-46/158-164)";"0";"0";"0";"0"
"2001459827758";"329114621";"651871522";"Ветровка из хлопка 475T-FAS-55 серая (р-р 60-62/170-176)";"0";"0";"0";"0"
"2001459877173";"329114623";"651871379";"Ветровка из хлопка 475T-FAS-55 серая (р-р 64-66/170-176)";"0";"0";"0";"0"
"2001459827765";"329114624";"651871390";"Ветровка из хлопка 475T-FAS-55 серая (р-р 64-66/182-188)";"0";"0";"0";"0"
"2001459827741";"329114625";"651871958";"Ветровка из хлопка 475T-FAS-55 серая (р-р 60-62/182-188)";"0";"0";"0";"0"
"2001459865927";"343315906";"676406290";"Пояс с карманами для инструментов 1RPF-FAS-90";"45";"2";"45";"2"
"2001459882498";"350608225";"688367824";"Комбинезон мужской утеплённый 888N-TWILL-16/58 (р-р 64-66/188)";"6";"0";"6";"0"
"2001459882481";"350608226";"688367831";"Комбинезон мужской утеплённый 888N-TWILL-16/58 (р-р 64-66/176)";"6";"0";"6";"0"
"2001459889916";"353979580";"694220773";"Китель повара унисекс зелёный 379A-P159 (р-р 44-46/158-164)";"0";"0";"0";"0"
"2001459889923";"353979581";"694220777";"Китель повара унисекс зелёный 379A-P159 (р-р 48-50/158-164)";"0";"0";"0";"0"
"2001459889930";"353979582";"694220779";"Китель повара унисекс зелёный 379A-P159 (р-р 60-62/170-176)";"0";"0";"0";"0"
"2001459889947";"353979583";"694220857";"Китель повара унисекс зелёный 379A-P159 (р-р 64-66/170-176)";"0";"0";"0";"0"
"2001459889954";"353979584";"694220721";"Китель повара унисекс зелёный 379A-P159 (р-р 64-66/182-188)";"0";"0";"0";"0"
"2001459876763";"353979585";"694220943";"Китель повара унисекс зелёный 379A-P159 (р-р 44-46/170-176)";"0";"0";"0";"0"
"2001459876787";"353979586";"694220771";"Китель повара унисекс зелёный 379A-P159 (р-р 48-50/182-188)";"0";"0";"0";"0"
"2001459876770";"353979587";"694220949";"Китель повара унисекс зелёный 379A-P159 (р-р 48-50/170-176)";"0";"0";"0";"0"
"2000174780010";"355793483";"697098636";"Комбинезон мужской зимний 8831-TWILL-16/77 (р-р 56-58/176)";"15";"0";"15";"0"
"2000174620019";"355793485";"697098632";"Комбинезон мужской зимний 8831-TWILL-16/77 (р-р 44-46/182)";"4";"0";"4";"0"
"2000174880017";"355793486";"697098639";"Комбинезон мужской зимний 8831-TWILL-16/77 (р-р 64-66/164)";"6";"0";"6";"0"
"2000174740014";"355793487";"697098917";"Комбинезон мужской зимний 8831-TWILL-16/77 (р-р 52-54/188)";"1";"0";"1";"0"
"2000174920010";"355793488";"697098628";"Комбинезон мужской зимний 8831-TWILL-16/77 (р-р 64-66/188)";"5";"0";"5";"0"
"2000174710017";"355793489";"697098642";"Комбинезон мужской зимний 8831-TWILL-16/77 (р-р 52-54/170)";"5";"0";"5";"0"
"2000174700018";"355793490";"697098647";"Комбинезон мужской зимний 8831-TWILL-16/77 (р-р 52-54/164)";"2";"0";"2";"0"
"2000174800015";"355793491";"697098637";"Комбинезон мужской зимний 8831-TWILL-16/77 (р-р 56-58/188)";"0";"0";"0";"0"
"2000174590015";"355793494";"697098895";"Комбинезон мужской зимний 8831-TWILL-16/77 (р-р 44-46/164)";"2";"0";"2";"0"
"2000174660015";"355793495";"697098629";"Комбинезон мужской зимний 8831-TWILL-16/77 (р-р 48-50/176)";"5";"0";"5";"0"
"2000174630018";"355793496";"697098633";"Комбинезон мужской зимний 8831-TWILL-16/77 (р-р 44-46/188)";"1";"0";"1";"0"
"2000174600011";"355793497";"697098906";"Комбинезон мужской зимний 8831-TWILL-16/77 (р-р 44-46/170)";"3";"0";"3";"0"
"2001459889985";"358043896";"700930616";"Китель повара унисекс синий 379A-ULTRA (р-р 48-50/170-176)";"0";"0";"0";"0"
"2001459889992";"358054925";"700954216";"Китель повара унисекс синий 379A-ULTRA (р-р 48-50/182-188)";"0";"0";"0";"0"
"2001459890042";"358054927";"700954285";"Китель повара унисекс синий 379A-ULTRA (р-р 60-62/182-188)";"0";"0";"0";"0"
"2001459890035";"358054928";"700954262";"Китель повара унисекс синий 379A-ULTRA (р-р 56-58/182-188)";"0";"0";"0";"0"
"2001459890028";"358054929";"700954268";"Китель повара унисекс синий 379A-ULTRA (р-р 56-58/170-176)";"0";"0";"0";"0"
"2001459890059";"358054930";"700954834";"Китель повара унисекс синий 379A-ULTRA (р-р 64-66/182-188)";"0";"0";"0";"0"
"2001459890004";"358054931";"700954835";"Китель повара унисекс синий 379A-ULTRA (р-р 52-54/170-176)";"0";"0";"0";"0"
"2001459889961";"358054934";"700954301";"Китель повара унисекс синий 379A-ULTRA (р-р 44-46/158-164)";"0";"0";"0";"0"
"2001459890011";"358054935";"700954299";"Китель повара унисекс синий 379A-ULTRA (р-р 52-54/182-188)";"0";"0";"0";"0"
"2001459889978";"358054936";"700954304";"Китель повара унисекс синий 379A-ULTRA (р-р 44-46/170-176)";"0";"0";"0";"0"
"2001459870440";"365976533";"714193145";"Полукомбинезон рабочий из хлопка 51-2-MU-15 с карманами для наколенников (р-р 56-58/170-176)";"0";"0";"0";"0"
"2001459870464";"365976534";"714217415";"Полукомбинезон рабочий из хлопка 51-2-MU-15 с карманами для наколенников (р-р 60-62/182-188)";"0";"0";"0";"0"
"2001459870457";"365976535";"714193155";"Полукомбинезон рабочий из хлопка 51-2-MU-15 с карманами для наколенников (р-р 60-62/170-176)";"1";"0";"1";"0"
"2001459870488";"365976536";"714217606";"Полукомбинезон рабочий из хлопка 51-2-MU-15 с карманами для наколенников (р-р 64-66/182-188)";"0";"0";"0";"0"
"2001459889701";"366492098";"715045847";"Комбинезон мужской утеплённый 890-P159-22 (р-р 48-50/176)";"0";"0";"0";"0"
"2001459889848";"367410353";"716448041";"Комбинезон мужской утеплённый 890-P159-22 (р-р 64-66/176)";"6";"0";"6";"0"
"2001459889749";"367410354";"716448038";"Комбинезон мужской утеплённый 890-P159-22 (р-р 52-54/176)";"0";"0";"0";"0"
"2001459889794";"367410355";"716448034";"Комбинезон мужской утеплённый 890-P159-22 (р-р 56-58/182)";"0";"0";"0";"0"
"2001459889695";"367410356";"716448023";"Комбинезон мужской утеплённый 890-P159-22 (р-р 48-50/170)";"0";"0";"0";"0"
"2001459889770";"367410357";"716448021";"Комбинезон мужской утеплённый 890-P159-22 (р-р 56-58/170)";"4";"0";"4";"0"
"2001459889763";"367410358";"716448045";"Комбинезон мужской утеплённый 890-P159-22 (р-р 52-54/188)";"1";"0";"1";"0"
"2001459889817";"367410359";"716448053";"Комбинезон мужской утеплённый 890-P159-22 (р-р 60-62/176)";"1";"0";"1";"0"
"2001459889718";"367410360";"716448033";"Комбинезон мужской утеплённый 890-P159-22 (р-р 48-50/182)";"0";"0";"0";"0"
"2001459889831";"367410361";"716448047";"Комбинезон мужской утеплённый 890-P159-22 (р-р 60-62/188)";"3";"0";"3";"0"
"2001459889671";"367410362";"716448029";"Комбинезон мужской утеплённый 890-P159-22 (р-р 44-46/170)";"0";"0";"0";"0"
"2001459889787";"367410363";"716448048";"Комбинезон мужской утеплённый 890-P159-22 (р-р 56-58/176)";"6";"0";"6";"0"
"2001459889688";"367410364";"716448025";"Комбинезон мужской утеплённый 890-P159-22 (р-р 44-46/176)";"0";"0";"0";"0"
"2001459889862";"367410365";"716448030";"Комбинезон мужской утеплённый 890-P159-22 (р-р 64-66/188)";"4";"0";"4";"0"
"2001459889824";"367410366";"716448055";"Комбинезон мужской утеплённый 890-P159-22 (р-р 60-62/182)";"5";"0";"5";"0"
"2001459889725";"367410367";"716448018";"Комбинезон мужской утеплённый 890-P159-22 (р-р 48-50/188)";"2";"0";"2";"0"
"2001459889732";"367410368";"716448037";"Комбинезон мужской утеплённый 890-P159-22 (р-р 52-54/170)";"0";"0";"0";"0"
"2001459889756";"367410369";"716448051";"Комбинезон мужской утеплённый 890-P159-22 (р-р 52-54/182)";"0";"0";"0";"0"
"2001459889800";"367410370";"716448043";"Комбинезон мужской утеплённый 890-P159-22 (р-р 56-58/188)";"0";"0";"0";"0"
"2001459889855";"367410371";"716448026";"Комбинезон мужской утеплённый 890-P159-22 (р-р 64-66/182)";"6";"0";"6";"0"
"2001459889626";"368223683";"717544969";"Брюки повара мужские 281T-P159-50 (р-р 44-46/158-164)";"10";"0";"10";"0"
"2001459824894";"368404259";"717773677";"Брюки повара мужские 281T-P159-50 (р-р 48-50/182-188)";"42";"0";"42";"0"
"2001459889664";"368404260";"717773689";"Брюки повара мужские 281T-P159-50 (р-р 64-66/182-188)";"4";"0";"4";"0"
"2001459889657";"368404261";"717773691";"Брюки повара мужские 281T-P159-50 (р-р 64-66/170-176)";"2";"0";"2";"0"
"2001459824924";"368404262";"717773684";"Брюки повара мужские 281T-P159-50 (р-р 56-58/170-176)";"22";"0";"22";"0"
"2001459889633";"368404263";"717773676";"Брюки повара мужские 281T-P159-50 (р-р 48-50/158-164)";"4";"0";"4";"0"
"2001459824870";"368404264";"717773674";"Брюки повара мужские 281T-P159-50 (р-р 44-46/170-176)";"15";"0";"15";"0"
"2001459824931";"368404265";"717773682";"Брюки повара мужские 281T-P159-50 (р-р 56-58/182-188)";"19";"0";"19";"0"
"2001459889640";"368404266";"717773672";"Брюки повара мужские 281T-P159-50 (р-р 60-62/182-188)";"6";"0";"6";"0"
"2001459824955";"368404267";"717773688";"Брюки повара мужские 281T-P159-50 (р-р 48-50/170-176)";"44";"0";"44";"0"
"2001459824900";"368404268";"717773685";"Брюки повара мужские 281T-P159-50 (р-р 52-54/170-176)";"42";"0";"42";"0"
"2001459824917";"368404269";"717773680";"Брюки повара мужские 281T-P159-50 (р-р 52-54/182-188)";"47";"0";"47";"0"
"2001459824948";"368404270";"717773695";"Брюки повара мужские 281T-P159-50 (р-р 60-62/170-176)";"5";"0";"5";"0"
"2001459890349";"369512998";"719556803";"Комбинезон мужской рабочий светло-оранжевый летний 830-P159-70 (р-р 44-46/164)";"8";"0";"8";"0"
"2001459890394";"369813901";"720097151";"Комбинезон мужской рабочий светло-оранжевый летний 830-P159-70 (р-р 48-50/176)";"18";"0";"18";"0"
"2001459890431";"369813902";"720097105";"Комбинезон мужской рабочий светло-оранжевый летний 830-P159-70 (р-р 52-54/176)";"18";"0";"18";"0"
"2001459890356";"369813903";"720097280";"Комбинезон мужской рабочий светло-оранжевый летний 830-P159-70 (р-р 44-46/170)";"6";"0";"6";"0"
"2001459890448";"369813904";"720097018";"Комбинезон мужской рабочий светло-оранжевый летний 830-P159-70 (р-р 52-54/182)";"20";"0";"20";"0"
"2001459890387";"369813905";"720097065";"Комбинезон мужской рабочий светло-оранжевый летний 830-P159-70 (р-р 48-50/170)";"10";"0";"10";"0"
"2001459890400";"369813906";"720097238";"Комбинезон мужской рабочий светло-оранжевый летний 830-P159-70 (р-р 48-50/182)";"13";"0";"13";"0"
"2001459890530";"369813907";"720097264";"Комбинезон мужской рабочий светло-оранжевый летний 830-P159-70 (р-р 64-66/176)";"5";"0";"5";"0"
"2001459890509";"369813908";"720097266";"Комбинезон мужской рабочий светло-оранжевый летний 830-P159-70 (р-р 60-62/176)";"6";"0";"6";"0"
"2001459890493";"369813909";"720097274";"Комбинезон мужской рабочий светло-оранжевый летний 830-P159-70 (р-р 56-58/188)";"7";"0";"7";"0"
"2001459890462";"369813910";"720097161";"Комбинезон мужской рабочий светло-оранжевый летний 830-P159-70 (р-р 56-58/170)";"8";"0";"8";"0"
"2001459890479";"369813911";"720097016";"Комбинезон мужской рабочий светло-оранжевый летний 830-P159-70 (р-р 56-58/176)";"10";"0";"10";"0"
"2001459890554";"369813912";"720097282";"Комбинезон мужской рабочий светло-оранжевый летний 830-P159-70 (р-р 64-66/188)";"6";"0";"6";"0"
"2001459890523";"369813913";"720097283";"Комбинезон мужской рабочий светло-оранжевый летний 830-P159-70 (р-р 60-62/188)";"6";"0";"6";"0"
"2001459890417";"369813914";"720097035";"Комбинезон мужской рабочий светло-оранжевый летний 830-P159-70 (р-р 48-50/188)";"3";"0";"3";"0"
"2001459890363";"369813915";"720097049";"Комбинезон мужской рабочий светло-оранжевый летний 830-P159-70 (р-р 44-46/176)";"5";"0";"5";"0"
"2001459890455";"369813916";"720097079";"Комбинезон мужской рабочий светло-оранжевый летний 830-P159-70 (р-р 52-54/188)";"12";"0";"12";"0"
"2001459890424";"369813917";"720097275";"Комбинезон мужской рабочий светло-оранжевый летний 830-P159-70 (р-р 52-54/170)";"10";"0";"10";"0"
"2001459890516";"369813918";"720097271";"Комбинезон мужской рабочий светло-оранжевый летний 830-P159-70 (р-р 60-62/182)";"6";"0";"6";"0"
"2001459890370";"369813919";"720097286";"Комбинезон мужской рабочий светло-оранжевый летний 830-P159-70 (р-р 48-50/164)";"5";"0";"5";"0"
"2001459890547";"369813920";"720096997";"Комбинезон мужской рабочий светло-оранжевый летний 830-P159-70 (р-р 64-66/182)";"6";"0";"6";"0"
"2001459890486";"369813921";"720096005";"Комбинезон мужской рабочий светло-оранжевый летний 830-P159-70 (р-р 56-58/182)";"10";"0";"10";"0"
"2001459889190";"369876653";"720262051";"Комбинезон мужской рабочий оранжевый летний с СВЛ 827R-MU-75 (р-р 44-46/170)";"3";"0";"3";"0"
"2001459889343";"370006588";"720533585";"Комбинезон мужской рабочий оранжевый летний с СВЛ 827R-MU-75 (р-р 60-62/182)";"0";"0";"0";"0"
"2001459889350";"370006589";"720533590";"Комбинезон мужской рабочий оранжевый летний с СВЛ 827R-MU-75 (р-р 60-62/188)";"2";"0";"2";"0"
"2001459889312";"370006590";"720533601";"Комбинезон мужской рабочий оранжевый летний с СВЛ 827R-MU-75 (р-р 56-58/176)";"5";"1";"5";"1"
"2001459889275";"370006591";"720533603";"Комбинезон мужской рабочий оранжевый летний с СВЛ 827R-MU-75 (р-р 52-54/176)";"1";"0";"1";"0"
"2001459889282";"370006592";"720533538";"Комбинезон мужской рабочий оранжевый летний с СВЛ 827R-MU-75 (р-р 52-54/182)";"4";"0";"4";"0"
"2001459889329";"370006593";"720533535";"Комбинезон мужской рабочий оранжевый летний с СВЛ 827R-MU-75 (р-р 56-58/182)";"2";"0";"2";"0"
"2001459889305";"370006594";"720533531";"Комбинезон мужской рабочий оранжевый летний с СВЛ 827R-MU-75 (р-р 56-58/170)";"0";"0";"0";"0"
"2001459889220";"370006595";"720533596";"Комбинезон мужской рабочий оранжевый летний с СВЛ 827R-MU-75 (р-р 48-50/170)";"5";"0";"5";"0"
"2001459889268";"370006596";"720533594";"Комбинезон мужской рабочий оранжевый летний с СВЛ 827R-MU-75 (р-р 52-54/170)";"3";"0";"3";"0"
"2001459889206";"370006597";"720533606";"Комбинезон мужской рабочий оранжевый летний с СВЛ 827R-MU-75 (р-р 44-46/176)";"5";"0";"5";"0"
"2001459889336";"370006598";"720533543";"Комбинезон мужской рабочий оранжевый летний с СВЛ 827R-MU-75 (р-р 56-58/188)";"2";"0";"2";"0"
"2001459889251";"370006599";"720533542";"Комбинезон мужской рабочий оранжевый летний с СВЛ 827R-MU-75 (р-р 48-50/188)";"3";"0";"3";"0"
"2001459889244";"370006600";"720533533";"Комбинезон мужской рабочий оранжевый летний с СВЛ 827R-MU-75 (р-р 48-50/182)";"5";"0";"5";"0"
"2001459889213";"370006601";"720533600";"Комбинезон мужской рабочий оранжевый летний с СВЛ 827R-MU-75 (р-р 48-50/164)";"5";"0";"5";"0"
"2001459889374";"370006602";"720533598";"Комбинезон мужской рабочий оранжевый летний с СВЛ 827R-MU-75 (р-р 64-66/188)";"0";"0";"0";"0"
"2001459889367";"370006603";"720533609";"Комбинезон мужской рабочий оранжевый летний с СВЛ 827R-MU-75 (р-р 64-66/182)";"0";"0";"0";"0"
"2001459889299";"370006604";"720533607";"Комбинезон мужской рабочий оранжевый летний с СВЛ 827R-MU-75 (р-р 52-54/188)";"5";"0";"5";"0"
"2001459889237";"370006605";"720533611";"Комбинезон мужской рабочий оранжевый летний с СВЛ 827R-MU-75 (р-р 48-50/176)";"5";"0";"5";"0"
"2001459890127";"370939266";"722378864";"Комбинезон мужской рабочий голубой летний 830-P165-11 (р-р 44-46/164)";"2";"0";"2";"0"
"2001459890332";"370983414";"722471342";"Комбинезон мужской рабочий голубой летний 830-P165-11 (р-р 64-66/188)";"5";"0";"5";"0"
"2001459890134";"370983415";"722471340";"Комбинезон мужской рабочий голубой летний 830-P165-11 (р-р 44-46/170)";"5";"0";"5";"0"
"2001459890271";"370983416";"722471328";"Комбинезон мужской рабочий голубой летний 830-P165-11 (р-р 56-58/188)";"3";"0";"3";"0"
"2001459890240";"370983417";"722470877";"Комбинезон мужской рабочий голубой летний 830-P165-11 (р-р 56-58/170)";"8";"0";"8";"0"
"2001459890189";"370983418";"722471345";"Комбинезон мужской рабочий голубой летний 830-P165-11 (р-р 48-50/182)";"23";"0";"23";"0"
"2001459890219";"370983419";"722471349";"Комбинезон мужской рабочий голубой летний 830-P165-11 (р-р 52-54/176)";"15";"0";"15";"0"
"2001459890141";"370983420";"722470845";"Комбинезон мужской рабочий голубой летний 830-P165-11 (р-р 44-46/176)";"10";"0";"10";"0"
"2001459890158";"370983421";"722470857";"Комбинезон мужской рабочий голубой летний 830-P165-11 (р-р 48-50/164)";"2";"0";"2";"0"
"2001459890318";"370983422";"722471350";"Комбинезон мужской рабочий голубой летний 830-P165-11 (р-р 64-66/176)";"4";"0";"4";"0"
"2001459890226";"370983423";"722471330";"Комбинезон мужской рабочий голубой летний 830-P165-11 (р-р 52-54/182)";"20";"1";"20";"1"
"2001459890264";"370983425";"722700247";"Комбинезон мужской рабочий голубой летний 830-P165-11 (р-р 56-58/182)";"10";"0";"10";"0"
"2001459890325";"370983426";"722470851";"Комбинезон мужской рабочий голубой летний 830-P165-11 (р-р 64-66/182)";"6";"0";"6";"0"
"2001459890202";"370983427";"722470889";"Комбинезон мужской рабочий голубой летний 830-P165-11 (р-р 52-54/170)";"8";"0";"8";"0"
"2001459890295";"370983428";"722471331";"Комбинезон мужской рабочий голубой летний 830-P165-11 (р-р 60-62/182)";"6";"0";"6";"0"
"2001459890257";"370983429";"722470898";"Комбинезон мужской рабочий голубой летний 830-P165-11 (р-р 56-58/176)";"10";"0";"10";"0"
"2001459890165";"370983430";"722470909";"Комбинезон мужской рабочий голубой летний 830-P165-11 (р-р 48-50/170)";"18";"0";"18";"0"
"2001459890172";"370983431";"722470914";"Комбинезон мужской рабочий голубой летний 830-P165-11 (р-р 48-50/176)";"18";"0";"18";"0"
"2001459890196";"370983432";"722470967";"Комбинезон мужской рабочий голубой летний 830-P165-11 (р-р 48-50/188)";"2";"0";"2";"0"
"2001459890233";"370983433";"722471353";"Комбинезон мужской рабочий голубой летний 830-P165-11 (р-р 52-54/188)";"15";"0";"15";"0"
"2001459890301";"370983435";"722602711";"Комбинезон мужской рабочий голубой летний 830-P165-11 (р-р 60-62/188)";"4";"0";"4";"0"
"2001459890288";"370983436";"722604443";"Комбинезон мужской рабочий голубой летний 830-P165-11 (р-р 60-62/176)";"6";"0";"6";"0"
"2001459883389";"374286767";"728027127";"Комбинезон мужской экстремальный 8831F-PP-80/55 (р-р 56-58/194)";"0";"0";"0";"0"
"2001459883396";"374286769";"728027139";"Комбинезон мужской экстремальный 8831F-PP-80/55 (р-р 60-62/194)";"2";"0";"2";"0"
"2001459889077";"376857158";"732132764";"Полукомбинезон рабочий летний 51-2-TR154-15 с карманами для наколенников (р-р 44-46/158-164)";"3";"0";"3";"0"
"2001459889183";"376863980";"732148615";"Полукомбинезон рабочий летний 51-2-TR154-15 с карманами для наколенников (р-р 64-66/182-188)";"1";"0";"1";"0"
"2001459889084";"376863981";"732148653";"Полукомбинезон рабочий летний 51-2-TR154-15 с карманами для наколенников (р-р 44-46/170-176)";"3";"0";"3";"0"
"2001459889121";"376863982";"732148616";"Полукомбинезон рабочий летний 51-2-TR154-15 с карманами для наколенников (р-р 52-54/182-188)";"5";"1";"5";"1"
"2001459889145";"376863983";"732148664";"Полукомбинезон рабочий летний 51-2-TR154-15 с карманами для наколенников (р-р 56-58/182-188)";"0";"0";"0";"0"
"2001459889107";"376863984";"732148660";"Полукомбинезон рабочий летний 51-2-TR154-15 с карманами для наколенников (р-р 48-50/182-188)";"5";"0";"5";"0"
"2001459889169";"376863985";"732148610";"Полукомбинезон рабочий летний 51-2-TR154-15 с карманами для наколенников (р-р 60-62/182-188)";"1";"0";"1";"0"
"2001459889176";"376863986";"732148609";"Полукомбинезон рабочий летний 51-2-TR154-15 с карманами для наколенников (р-р 64-66/170-176)";"1";"0";"1";"0"
"2001459889091";"376863987";"732148650";"Полукомбинезон рабочий летний 51-2-TR154-15 с карманами для наколенников (р-р 48-50/170-176)";"8";"0";"8";"0"
"2001459889138";"376863988";"732148661";"Полукомбинезон рабочий летний 51-2-TR154-15 с карманами для наколенников (р-р 56-58/170-176)";"5";"0";"5";"0"
"2001459889114";"376863989";"732148637";"Полукомбинезон рабочий летний 51-2-TR154-15 с карманами для наколенников (р-р 52-54/170-176)";"0";"0";"0";"0"
"2001459889152";"376863990";"732148638";"Полукомбинезон рабочий летний 51-2-TR154-15 с карманами для наколенников (р-р 60-62/170-176)";"2";"0";"2";"0"
"2001459891506";"379670025";"736783592";"Куртка зимняя тёмно-синяя рабочая 442KC-PP-15 (р-р 44-46/158-164)";"3";"0";"3";"0"
"2001459891544";"379870323";"737267011";"Куртка зимняя тёмно-синяя рабочая 442KC-PP-15 (р-р 52-54/170-176)";"1";"0";"1";"0"
"2001459891537";"379870324";"737266996";"Куртка зимняя тёмно-синяя рабочая 442KC-PP-15 (р-р 48-50/182-188)";"5";"0";"5";"0"
"2001459891599";"379870325";"737266992";"Куртка зимняя тёмно-синяя рабочая 442KC-PP-15 (р-р 60-62/182-188)";"2";"0";"2";"0"
"2001459891551";"379870326";"737267019";"Куртка зимняя тёмно-синяя рабочая 442KC-PP-15 (р-р 52-54/182-188)";"10";"0";"10";"0"
"2001459891605";"379870327";"737267023";"Куртка зимняя тёмно-синяя рабочая 442KC-PP-15 (р-р 64-66/170-176)";"3";"0";"3";"0"
"2001459891568";"379870328";"737267000";"Куртка зимняя тёмно-синяя рабочая 442KC-PP-15 (р-р 56-58/170-176)";"5";"0";"5";"0"
"2001459891575";"379870329";"737267016";"Куртка зимняя тёмно-синяя рабочая 442KC-PP-15 (р-р 56-58/182-188)";"5";"0";"5";"0"
"2001459891513";"379870330";"737266993";"Куртка зимняя тёмно-синяя рабочая 442KC-PP-15 (р-р 44-46/170-176)";"5";"0";"5";"0"
"2001459891582";"379870331";"737267022";"Куртка зимняя тёмно-синяя рабочая 442KC-PP-15 (р-р 60-62/170-176)";"3";"0";"3";"0"
"2001459891612";"379870332";"737267017";"Куртка зимняя тёмно-синяя рабочая 442KC-PP-15 (р-р 64-66/182-188)";"3";"0";"3";"0"
"2001459891520";"379870333";"737267013";"Куртка зимняя тёмно-синяя рабочая 442KC-PP-15 (р-р 48-50/170-176)";"10";"0";"10";"0"
"2001459890066";"383907060";"744126207";"Полукомбинезон рабочий из хлопка 51-2-BK-15 с карманами для наколенников (р-р 48-50/170-176)";"0";"0";"0";"0"
"2001459890073";"383985727";"744295601";"Полукомбинезон рабочий из хлопка 51-2-BK-15 с карманами для наколенников (р-р 48-50/182-188)";"0";"0";"0";"0"
"2001459890097";"383985728";"744295571";"Полукомбинезон рабочий из хлопка 51-2-BK-15 с карманами для наколенников (р-р 52-54/182-188)";"0";"0";"0";"0"
"2001459890080";"383985729";"744295584";"Полукомбинезон рабочий из хлопка 51-2-BK-15 с карманами для наколенников (р-р 52-54/170-176)";"0";"0";"0";"0"
"2001459891445";"386941293";"749030616";"Полукомбинезон рабочий синий 51-3-P154-15 с карманами для наколенников (р-р 44-46/170-176)";"0";"0";"0";"0"
"2001459891483";"386964333";"749040633";"Полукомбинезон рабочий синий 51-3-P154-15 с карманами для наколенников (р-р 52-54/182-188)";"0";"0";"0";"0"
"2001459891469";"386964334";"749040629";"Полукомбинезон рабочий синий 51-3-P154-15 с карманами для наколенников (р-р 48-50/182-188)";"5";"0";"5";"0"
"2001459891490";"386964335";"749040623";"Полукомбинезон рабочий синий 51-3-P154-15 с карманами для наколенников (р-р 56-58/182-188)";"0";"0";"0";"0"
"2001459891476";"386964336";"749040639";"Полукомбинезон рабочий синий 51-3-P154-15 с карманами для наколенников (р-р 52-54/170-176)";"0";"0";"0";"0"
"2001459891452";"386964337";"749040712";"Полукомбинезон рабочий синий 51-3-P154-15 с карманами для наколенников (р-р 48-50/170-176)";"0";"0";"0";"0"
"2001459879450";"393496850";"760491034";"Комбинезон оранжевый мужской 830-SU-77 (р-р 60-62/188)";"0";"0";"0";"0"
"2001459879443";"393496851";"760491043";"Комбинезон оранжевый мужской 830-SU-77 (р-р 60-62/176)";"1";"0";"1";"0"
"2001459879122";"393496852";"760491055";"Комбинезон оранжевый мужской 830-SU-77 (р-р 60-62/182)";"2";"0";"2";"0"
"2001459879467";"393496853";"760491027";"Комбинезон оранжевый мужской 830-SU-77 (р-р 64-66/176)";"1";"0";"1";"0"
"2001459879474";"393496854";"760491039";"Комбинезон оранжевый мужской 830-SU-77 (р-р 64-66/182)";"0";"0";"0";"0"
"2001459892466";"406878619";"783731362";"Китель повара унисекс красный 379A-Trendlite (р-р 60-62/182-188)";"2";"0";"2";"0"
"2001459892459";"406878620";"783731372";"Китель повара унисекс красный 379A-Trendlite (р-р 60-62/170-176)";"0";"0";"0";"0"
"2001459892442";"406878621";"783731381";"Китель повара унисекс красный 379A-Trendlite (р-р 48-50/158-164)";"0";"0";"0";"0"
"2001459892480";"406878622";"783731389";"Китель повара унисекс красный 379A-Trendlite (р-р 64-66/182-188)";"2";"0";"2";"0"
"2001459892473";"406878623";"783731395";"Китель повара унисекс красный 379A-Trendlite (р-р 64-66/170-176)";"3";"0";"3";"0"
"2001459892435";"406878624";"783731399";"Китель повара унисекс красный 379A-Trendlite (р-р 44-46/158-164)";"1";"0";"1";"0"
"2001459893166";"412119102";"793140255";"Китель повара унисекс белый из хлопка 379A-MU (р-р 60-62/182-188)";"4";"0";"4";"0"
"2001459893098";"412119103";"793139727";"Китель повара унисекс белый из хлопка 379A-MU (р-р 48-50/170-176)";"19";"1";"19";"1"
"2001459893142";"412119104";"793139715";"Китель повара унисекс белый из хлопка 379A-MU (р-р 56-58/182-188)";"0";"0";"0";"0"
"2001459893081";"412119106";"793142118";"Китель повара унисекс белый из хлопка 379A-MU (р-р 48-50/158-164)";"0";"0";"0";"0"
"2001459893104";"412119107";"793140018";"Китель повара унисекс белый из хлопка 379A-MU (р-р 48-50/182-188)";"6";"0";"6";"0"
"2001459893074";"412119113";"793142213";"Китель повара унисекс белый из хлопка 379A-MU (р-р 44-46/170-176)";"3";"0";"3";"0"
"2001459893111";"412119117";"793139704";"Китель повара унисекс белый из хлопка 379A-MU (р-р 52-54/170-176)";"7";"0";"7";"0"
"2001459893128";"412119118";"793142435";"Китель повара унисекс белый из хлопка 379A-MU (р-р 52-54/182-188)";"9";"0";"9";"0"
"2001459893067";"412119119";"793139938";"Китель повара унисекс белый из хлопка 379A-MU (р-р 44-46/158-164)";"0";"0";"0";"0"
"2001459893135";"412119120";"793141256";"Китель повара унисекс белый из хлопка 379A-MU (р-р 56-58/170-176)";"5";"0";"5";"0"
"2001459893180";"412119121";"793140870";"Китель повара унисекс белый из хлопка 379A-MU (р-р 64-66/182-188)";"2";"0";"2";"0"
"2001459893173";"412119122";"793139694";"Китель повара унисекс белый из хлопка 379A-MU (р-р 64-66/170-176)";"6";"0";"6";"0"
"2001459893159";"412119123";"793139463";"Китель повара унисекс белый из хлопка 379A-MU (р-р 60-62/170-176)";"3";"0";"3";"0"
"2001459865200";"413188415";"794935002";"Комбинезон рабочий летний с капюшоном синий 818N-PP-15/71 (p-p 48-50/176)";"1";"1";"1";"1"
"2001459865224";"413213539";"794963221";"Комбинезон рабочий летний с капюшоном синий 818N-PP-15/71 (р-р 52-54/176)";"7";"0";"7";"0"
"2001459891421";"413213540";"794963236";"Комбинезон рабочий летний с капюшоном синий 818N-PP-15/71 (р-р 60-62/176)";"3";"0";"3";"0"
"2001459869918";"413213541";"794963237";"Комбинезон рабочий летний с капюшоном синий 818N-PP-15/71 (р-р 48-50/188)";"9";"0";"9";"0"
"2001459891438";"413213542";"794963275";"Комбинезон рабочий летний с капюшоном синий 818N-PP-15/71 (р-р 60-62/188)";"2";"0";"2";"0"
"2001459865248";"413213543";"794963464";"Комбинезон рабочий летний с капюшоном синий 818N-PP-15/71 (р-р 52-54/188)";"10";"0";"10";"0"
"2001459869932";"413213544";"794963254";"Комбинезон рабочий летний с капюшоном синий 818N-PP-15/71 (р-р 56-58/188)";"9";"0";"9";"0"
"2001459869925";"413213545";"794963264";"Комбинезон рабочий летний с капюшоном синий 818N-PP-15/71 (р-р 56-58/176)";"6";"0";"6";"0"
"2001459890103";"416018783";"799668557";"Комбинезон мужской утеплённый 888N-TWILL-16/58 (р-р 44-46/164)";"6";"0";"6";"0"
"2001459892626";"417072958";"801467009";"Китель повара унисекс синий из хлопка 379A-MU-15/57 (р-р 44-46/158-164)";"8";"0";"8";"0"
"2001459892497";"417115793";"801524205";"Китель повара унисекс голубой 379A-TEREDO-11/57 (р-р 44-46/158-164)";"8";"0";"8";"0"
"2001459892688";"417157807";"801629226";"Китель повара унисекс синий из хлопка 379A-MU-15/57 (р-р 52-54/182-188)";"28";"0";"28";"0"
"2001459892725";"417157808";"801629254";"Китель повара унисекс синий из хлопка 379A-MU-15/57 (р-р 60-62/182-188)";"6";"0";"6";"0"
"2001459892664";"417157809";"801629248";"Китель повара унисекс синий из хлопка 379A-MU-15/57 (р-р 48-50/182-188)";"14";"0";"14";"0"
"2001459892657";"417157820";"801629240";"Китель повара унисекс синий из хлопка 379A-MU-15/57 (р-р 48-50/170-176)";"27";"0";"27";"0"
"2001459892510";"417157821";"801629235";"Китель повара унисекс голубой 379A-TEREDO-11/57 (р-р 48-50/158-164)";"2";"0";"2";"0"
"2001459892633";"417157822";"801629259";"Китель повара унисекс синий из хлопка 379A-MU-15/57 (р-р 44-46/170-176)";"7";"0";"7";"0"
"2001459892640";"417157823";"801629268";"Китель повара унисекс синий из хлопка 379A-MU-15/57 (р-р 48-50/158-164)";"6";"0";"6";"0"
"2001459892718";"417157824";"801625954";"Китель повара унисекс синий из хлопка 379A-MU-15/57 (р-р 60-62/170-176)";"6";"0";"6";"0"
"2001459892503";"417157825";"801629866";"Китель повара унисекс голубой 379A-TEREDO-11/57 (р-р 44-46/170-176)";"13";"0";"13";"0"
"2001459892671";"417157826";"801629264";"Китель повара унисекс синий из хлопка 379A-MU-15/57 (р-р 52-54/170-176)";"18";"0";"18";"0"
"2001459892749";"417157827";"801629514";"Китель повара унисекс синий из хлопка 379A-MU-15/57 (р-р 64-66/182-188)";"7";"0";"7";"0"
"2001459892695";"417157828";"801625913";"Китель повара унисекс синий из хлопка 379A-MU-15/57 (р-р 56-58/170-176)";"8";"0";"8";"0"
"2001459892541";"417157829";"801629853";"Китель повара унисекс голубой 379A-TEREDO-11/57 (р-р 52-54/170-176)";"34";"0";"34";"0"
"2001459892701";"417157830";"801629219";"Китель повара унисекс синий из хлопка 379A-MU-15/57 (р-р 56-58/182-188)";"11";"0";"11";"0"
"2001459892534";"417157831";"801629239";"Китель повара унисекс голубой 379A-TEREDO-11/57 (р-р 48-50/182-188)";"35";"0";"35";"0"
"2001459892527";"417157832";"801629300";"Китель повара унисекс голубой 379A-TEREDO-11/57 (р-р 48-50/170-176)";"57";"0";"57";"0"
"2001459892732";"417157833";"801629877";"Китель повара унисекс синий из хлопка 379A-MU-15/57 (р-р 64-66/170-176)";"6";"0";"6";"0"
"2001459892558";"417157834";"801629250";"Китель повара унисекс голубой 379A-TEREDO-11/57 (р-р 52-54/182-188)";"47";"0";"47";"0"
"2001459892572";"417157835";"801629282";"Китель повара унисекс голубой 379A-TEREDO-11/57 (р-р 56-58/182-188)";"17";"0";"17";"0"
"2001459892602";"417157836";"801629228";"Китель повара унисекс голубой 379A-TEREDO-11/57 (р-р 64-66/170-176)";"4";"0";"4";"0"
"2001459892565";"417157837";"801625932";"Китель повара унисекс голубой 379A-TEREDO-11/57 (р-р 56-58/170-176)";"13";"0";"13";"0"
"2001459892589";"417157838";"801629860";"Китель повара унисекс голубой 379A-TEREDO-11/57 (р-р 60-62/170-176)";"7";"0";"7";"0"
"2001459892596";"417157839";"801629243";"Китель повара унисекс голубой 379A-TEREDO-11/57 (р-р 60-62/182-188)";"5";"0";"5";"0"
"2001459892619";"417157840";"801629275";"Китель повара унисекс голубой 379A-TEREDO-11/57 (р-р 64-66/182-188)";"9";"0";"9";"0"
"2001459891384";"423841947";"813073700";"Комбинезон мужской зимний 8831-TWILL-16/58 (р-р 48-50/164)";"2";"0";"2";"0"
"2001459885482";"423841948";"813073126";"Полукомбинезон рабочий синий 51-2-P154-14 с карманами для наколенников (р-р 60-62/170-176)";"4";"0";"4";"0"
"2001459885451";"423841949";"813073313";"Полукомбинезон рабочий синий 51-2-P154-14 с карманами для наколенников (р-р 44-46/158-164)";"10";"1";"10";"1"
"2001459885499";"423841950";"813073586";"Полукомбинезон рабочий синий 51-2-P154-14 с карманами для наколенников (р-р 64-66/170-176)";"3";"1";"3";"1"
"2001459891414";"423841951";"813073706";"Комбинезон мужской зимний 8831-TWILL-16/58 (р-р 64-66/188)";"3";"0";"3";"0"
"2001459892763";"458634054";"875933304";"Жилет на искусственном меху 515T-BEVR-15 (р-р 48-50, рост 170-176) ";"0";"0";"0";"0"
"2001459892886";"458634055";"875933356";"Жилет на искусственном меху 515T-BEVR-90 (р-р 48-50, рост 170-176) ";"0";"0";"0";"0"
"2001459892800";"458634056";"875933283";"Жилет на искусственном меху 515T-BEVR-15 (р-р 56-58, рост 182-188) ";"0";"0";"0";"0"
"2001459892909";"458634057";"875933253";"Жилет на искусственном меху 515T-BEVR-90 (р-р 52-54, рост 170-176) ";"0";"0";"0";"0"
"2001459892787";"458634058";"875933231";"Жилет на искусственном меху 515T-BEVR-15 (р-р 52-54, рост 170-176) ";"0";"0";"0";"0"
"2001459892855";"458634059";"875933221";"Жилет на искусственном меху 515T-BEVR-51 (р-р 52-54, рост 182-188) ";"0";"0";"0";"0"
"2001459892770";"458634060";"875933261";"Жилет на искусственном меху 515T-BEVR-15 (р-р 48-50, рост 182-188) ";"0";"0";"0";"0"
"2001459892916";"458634061";"875933326";"Жилет на искусственном меху 515T-BEVR-90 (р-р 52-54, рост 182-188) ";"0";"0";"0";"0"
"2001459892756";"458634062";"875933294";"Жилет на искусственном меху 515T-BEVR-15 (р-р 44-46, рост 170-176) ";"0";"0";"0";"0"
"2001459892794";"458634063";"875933273";"Жилет на искусственном меху 515T-BEVR-15 (р-р 52-54, рост 182-188) ";"0";"0";"0";"0"
"2001459892923";"458634064";"875933245";"Жилет на искусственном меху 515T-BEVR-90 (р-р 56-58, рост 182-188) ";"0";"0";"0";"0"
"2001459892893";"458634065";"875933316";"Жилет на искусственном меху 515T-BEVR-90 (р-р 48-50, рост 182-188) ";"0";"0";"0";"0"
"2001459892879";"458634066";"875933207";"Жилет на искусственном меху 515T-BEVR-90 (р-р 44-46, рост 170-176) ";"0";"0";"0";"0"
"2001459892824";"458634067";"875933023";"Жилет на искусственном меху 515T-BEVR-51 (р-р 48-50, рост 170-176) ";"0";"0";"0";"0"
"2001459892848";"458634068";"875933331";"Жилет на искусственном меху 515T-BEVR-51 (р-р 52-54, рост 170-176) ";"0";"0";"0";"0"
"2001459892817";"458634069";"875933200";"Жилет на искусственном меху 515T-BEVR-51 (р-р 44-46, рост 170-176) ";"0";"0";"0";"0"
"2001459892831";"458634070";"875933216";"Жилет на искусственном меху 515T-BEVR-51 (р-р 48-50, рост 182-188) ";"0";"0";"0";"0"
"2001459892862";"458634071";"875933239";"Жилет на искусственном меху 515T-BEVR-51 (р-р 56-58, рост 182-188) ";"0";"0";"0";"0"
"2001459880036";"463413507";"884328988";"Полукомбинезон рабочий синий 51-2-P154-15 с карманами для наколенников (р-р 64-66/182-188)";"1";"0";"1";"0"
"2001459860267";"463413510";"884328622";"Полукомбинезон рабочий синий 51-2-P154-15 с карманами для наколенников (р-р 48-50/182-188)";"4";"0";"4";"0"
"2001459860250";"463413511";"884330668";"Полукомбинезон рабочий синий 51-2-P154-15 с карманами для наколенников (р-р 48-50/170-176)";"2";"0";"2";"0"
"2001459860236";"463413512";"884330665";"Полукомбинезон рабочий синий 51-2-P154-15 с карманами для наколенников (р-р 44-46/170-176)";"0";"0";"0";"0"
"2001459860281";"463413513";"884953565";"Полукомбинезон рабочий синий 51-2-P154-15 с карманами для наколенников (р-р 52-54/182-188)";"2";"0";"2";"0"
"2001459860298";"463413517";"884330672";"Полукомбинезон рабочий синий 51-2-P154-15 с карманами для наколенников (р-р 56-58/170-176)";"2";"0";"2";"0"
"2001459860304";"463413519";"884953542";"Полукомбинезон рабочий синий 51-2-P154-15 с карманами для наколенников (р-р 56-58/182-188)";"2";"0";"2";"0"
"2001459860311";"463413534";"884330679";"Полукомбинезон рабочий синий 51-2-P154-15 с карманами для наколенников (р-р 60-62/170-176)";"1";"0";"1";"0"
"2001459860328";"463413535";"884330677";"Полукомбинезон рабочий синий 51-2-P154-15 с карманами для наколенников (р-р 60-62/182-188)";"1";"0";"1";"0"
"2001459881668";"478833356";"912130126";"Бриджи мужские 222B-CAN-24 (р-р 56-58/170-176)";"9";"0";"9";"0"
"2001459881729";"478833357";"912130237";"Бриджи мужские 222B1-CY-05 (р-р 52-54/170-176)";"2";"0";"2";"0"
"2001459881750";"478833358";"912130136";"Бриджи мужские 222B1-CY-05 (р-р 56-58/182-188)";"5";"0";"5";"0"
"2001459887639";"478833359";"912130246";"Бриджи мужские 222B-CAN-24 (р-р 44-46/158-164)";"4";"0";"4";"0"
"2001459803653";"478833360";"912129692";"Бриджи мужские 222B-CY-24 (р-р 64-66/170-176)";"1";"0";"1";"0"
"2001459803684";"478833362";"912130463";"Бриджи мужские 222B-CY-55 (р-р 44-46/170-176)";"1";"0";"1";"0"
"2001459881620";"478833363";"912130140";"Бриджи мужские 222B-CAN-24 (р-р 48-50/170-176)";"29";"0";"29";"0"
"2001459881675";"478833364";"912130145";"Бриджи мужские 222B-CAN-24 (р-р 56-58/182-188)";"15";"0";"15";"0"
"2001459887646";"478833365";"912130155";"Бриджи мужские 222B-CAN-24 (р-р 60-62/170-176)";"5";"0";"5";"0"
"2001459887653";"478833366";"912129621";"Бриджи мужские 222B-CAN-24 (р-р 64-66/170-176)";"5";"0";"5";"0"
"2001459887660";"478833367";"912129660";"Бриджи мужские 222B-CAN-24 (р-р 64-66/182-188)";"6";"0";"6";"0"
"2001459881613";"478833368";"912129617";"Бриджи мужские 222B-CAN-24 (р-р 44-46/170-176)";"10";"0";"10";"0"
"2001459881651";"478833369";"912130163";"Бриджи мужские 222B-CAN-24 (р-р 52-54/182-188)";"20";"0";"20";"0"
"2001459803516";"478833370";"912130204";"Бриджи мужские 222B-CY-24 (р-р 44-46/158-164)";"1";"0";"1";"0"
"2001459803813";"478833371";"912130212";"Бриджи мужские 222B-CY-55 (р-р 64-66/170-176)";"3";"0";"3";"0"
"2001459803820";"478833372";"912130221";"Бриджи мужские 222B-CY-55 (р-р 64-66/182-188)";"1";"0";"1";"0"
"2001459881705";"478833373";"912129779";"Бриджи мужские 222B1-CY-05 (р-р 48-50/170-176)";"5";"0";"5";"0"
"2001459881736";"478833374";"912130183";"Бриджи мужские 222B1-CY-05 (р-р 52-54/182-188)";"5";"0";"5";"0"
"2001459803660";"478833375";"912130195";"Бриджи мужские 222B-CY-24 (р-р 64-66/182-188)";"1";"0";"1";"0"
"2001459803608";"478833376";"912129656";"Бриджи мужские 222B-CY-24 (р-р 56-58/158-164)";"1";"0";"1";"0"
"2001459881682";"478833377";"912130231";"Бриджи мужские 222B-CAN-24 (р-р 60-62/182-188)";"2";"0";"2";"0"
"2001459881712";"478833378";"912129773";"Бриджи мужские 222B1-CY-05 (р-р 48-50/182-188)";"5";"0";"5";"0"
"2001459881637";"478833379";"912130284";"Бриджи мужские 222B-CAN-24 (р-р 48-50/182-188)";"20";"0";"20";"0"
"2001459881644";"478833380";"912130293";"Бриджи мужские 222B-CAN-24 (р-р 52-54/170-176)";"14";"0";"14";"0"
"2001459803677";"478833381";"912130300";"Бриджи мужские 222B-CY-55 (р-р 44-46/158-164)";"2";"0";"2";"0"
"2001459803691";"478833382";"912130262";"Бриджи мужские 222B-CY-55 (р-р 44-46/182-188)";"2";"0";"2";"0"
"2001459803769";"478833383";"912129625";"Бриджи мужские 222B-CY-55 (р-р 56-58/158-164)";"3";"0";"3";"0"
"2001459881743";"478833384";"912129741";"Бриджи мужские 222B1-CY-05 (р-р 56-58/170-176)";"5";"0";"5";"0"
"2001459894637";"481221562";"916468290";"Комбинезон мужской утеплённый 890-P159-15 (р-р 56-58/188)";"11";"0";"11";"0"
"2001459894590";"481221563";"916469301";"Комбинезон мужской утеплённый 890-P159-15 (р-р 52-54/176)";"30";"0";"30";"0"
"2001459894538";"481221564";"916469159";"Комбинезон мужской утеплённый 890-P159-15 (р-р 48-50/164)";"6";"0";"6";"0"
"2001459894521";"481221565";"916469145";"Комбинезон мужской утеплённый 890-P159-15 (р-р 44-46/176)";"12";"0";"12";"0"
"2001459894576";"481221566";"916469183";"Комбинезон мужской утеплённый 890-P159-15 (р-р 48-50/188)";"12";"0";"12";"0"
"2001459894583";"481221567";"916468425";"Комбинезон мужской утеплённый 890-P159-15 (р-р 52-54/170)";"10";"0";"10";"0"
"2001459894606";"481221569";"916469211";"Комбинезон мужской утеплённый 890-P159-15 (р-р 52-54/182)";"40";"0";"40";"0"
"2001459894569";"481221570";"916468493";"Комбинезон мужской утеплённый 890-P159-15 (р-р 48-50/182)";"30";"0";"30";"0"
"2001459894552";"481221571";"916468535";"Комбинезон мужской утеплённый 890-P159-15 (р-р 48-50/176)";"30";"0";"30";"0"
"2001459894514";"481221572";"916469217";"Комбинезон мужской утеплённый 890-P159-15 (р-р 44-46/170)";"12";"0";"12";"0"
"2001459894613";"481221573";"916468758";"Комбинезон мужской утеплённый 890-P159-15 (р-р 52-54/188)";"13";"0";"13";"0"
"2001459894507";"481221574";"916468635";"Комбинезон мужской утеплённый 890-P159-15 (р-р 44-46/164)";"6";"2";"6";"2"
"2001459894620";"481221575";"916468663";"Комбинезон мужской утеплённый 890-P159-15 (р-р 56-58/182)";"12";"0";"12";"0"
"2001459894545";"481221576";"916469314";"Комбинезон мужской утеплённый 890-P159-15 (р-р 48-50/170)";"16";"0";"16";"0"
"2001459880128";"486289897";"925588239";"Брюки маляра белые с карманами для наколенников 255M-EASN-00/55 (р-р 44-46/158-164)";"10";"0";"10";"0"
"2001459888933";"486422213";"925837076";"Брюки маляра бежевые с карманами для наколенников 255M-CY-05/55 (р-р 56-58/170-176)";"3";"0";"3";"0"
"2001459888872";"486422214";"925847607";"Брюки маляра бежевые с карманами для наколенников 255M-CY-05/55 (р-р 44-46/170-176)";"4";"0";"4";"0"
"2001459880197";"486422215";"925837143";"Брюки маляра белые с карманами для наколенников 255M-EASN-00/55 (р-р 56-58/182-188)";"6";"0";"6";"0"
"2001459880135";"486422216";"925836986";"Брюки маляра белые с карманами для наколенников 255M-EASN-00/55 (р-р 44-46/170-176)";"5";"0";"5";"0"
"2001459880159";"486422217";"925836974";"Брюки маляра белые с карманами для наколенников 255M-EASN-00/55 (р-р 48-50/170-176)";"25";"1";"25";"1"
"2001459888889";"486422218";"925837149";"Брюки маляра бежевые с карманами для наколенников 255M-CY-05/55 (р-р 48-50/158-164)";"2";"0";"2";"0"
"2001459880142";"486422219";"925836994";"Брюки маляра белые с карманами для наколенников 255M-EASN-00/55 (р-р 48-50/158-164)";"3";"0";"3";"0"
"2001459888940";"486422220";"925837135";"Брюки маляра бежевые с карманами для наколенников 255M-CY-05/55 (р-р 56-58/182-188)";"3";"0";"3";"0"
"2001459880173";"486422221";"925837407";"Брюки маляра белые с карманами для наколенников 255M-EASN-00/55 (р-р 52-54/170-176)";"18";"0";"18";"0"
"2001459880180";"486422222";"925837164";"Брюки маляра белые с карманами для наколенников 255M-EASN-00/55 (р-р 56-58/170-176)";"5";"0";"5";"0"
"2001459880241";"486422223";"925837173";"Брюки маляра белые с карманами для наколенников 255M-EASN-00/55 (р-р 52-54/182-188)";"22";"0";"22";"0"
"2001459888865";"486422224";"925847615";"Брюки маляра бежевые с карманами для наколенников 255M-CY-05/55 (р-р 44-46/158-164)";"4";"0";"4";"0"
"2001459880166";"486422225";"925837152";"Брюки маляра белые с карманами для наколенников 255M-EASN-00/55 (р-р 48-50/182-188)";"10";"1";"10";"1"
"2001459888902";"486422226";"925837159";"Брюки маляра бежевые с карманами для наколенников 255M-CY-05/55 (р-р 48-50/182-188)";"2";"1";"2";"1"
"2001459835500";"497981717";"946740696";"Куртка рабочая мужская 314-TOMBOY-58 (р-р 56-58/164)";"2";"0";"2";"0"
"2001459855720";"497981718";"946740749";"Куртка рабочая мужская 314-TOMBOY-13 (р-р 40-42/164)";"15";"0";"15";"0"
"2001459835791";"497981719";"946740804";"Куртка рабочая мужская 314-TOMBOY-13 (р-р 36-38/158)";"3";"0";"3";"0"
"2001459835593";"497981720";"946740143";"Куртка рабочая мужская 314-TOMBOY-15 (р-р 40-42/176)";"3";"0";"3";"0"
"2001459835449";"497981721";"946740129";"Куртка рабочая мужская 314-TOMBOY-81 (р-р 48-50/182)";"4";"0";"4";"0"
"2001459855379";"497981722";"946756299";"Куртка рабочая мужская 314-TOMBOY-15 (р-р 40-42/164)";"1";"0";"1";"0"
"2001459835531";"497981723";"946756308";"Куртка рабочая мужская 314-TOMBOY-58 (р-р 64-66/164)";"1";"0";"1";"0"
"2001459855218";"497981724";"946740865";"Куртка рабочая мужская 314-TOMBOY-13 (р-р 56-58/170)";"1";"0";"1";"0"
"2001459855393";"497981730";"946740157";"Куртка рабочая мужская 314-TOMBOY-15 (р-р 44-46/170)";"5";"0";"5";"0"
"2001459855614";"497981731";"946740174";"Куртка рабочая мужская 314-TOMBOY-81 (р-р 48-50/176)";"6";"0";"6";"0"
"2001459841518";"497981733";"946740730";"Куртка рабочая мужская 314-TOMBOY-00 (р-р 44-46/182)";"2";"0";"2";"0"
"2001459855447";"497981734";"946740941";"Куртка рабочая мужская 314-TOMBOY-58 (р-р 56-58/158)";"3";"0";"3";"0"
"2001459835609";"497981735";"946740980";"Куртка рабочая мужская 314-TOMBOY-15 (р-р 44-46/176)";"3";"0";"3";"0"
"2001459855317";"497981736";"946756316";"Куртка рабочая мужская 314-TOMBOY-13 (р-р 64-66/188)";"2";"0";"2";"0"
"2001459835869";"497981737";"946756322";"Куртка рабочая мужская 314-TOMBOY-13 (р-р 60-62/188)";"12";"1";"12";"1"
"2001459855409";"497981738";"946740759";"Куртка рабочая мужская 314-TOMBOY-00 (р-р 48-50/176)";"26";"0";"26";"0"
"2001459835494";"497981741";"946756326";"Куртка рабочая мужская 314-TOMBOY-81 (р-р 64-66/188)";"6";"0";"6";"0"
"2001459841532";"497981745";"946740791";"Куртка рабочая мужская 314-TOMBOY-00 (р-р 60-62/188)";"4";"0";"4";"0"
"2001459855577";"497981746";"946756328";"Куртка рабочая мужская 314-TOMBOY-81 (р-р 40-42/164)";"5";"0";"5";"0"
"2001459855706";"497981747";"946739784";"Куртка рабочая мужская 314-TOMBOY-13 (р-р 40-42/158)";"1";"0";"1";"0"
"2001459855737";"497981748";"946743000";"Куртка рабочая мужская 314-TOMBOY-13 (р-р 44-46/170)";"70";"0";"70";"0"
"2001459855249";"497981749";"946742779";"Куртка рабочая мужская 314-TOMBOY-13 (р-р 56-58/182)";"5";"0";"5";"0"
"2001459835883";"497981750";"946740107";"Куртка рабочая мужская 314-TOMBOY-13 (р-р 60-62/194)";"2";"0";"2";"0"
"2001459855416";"497981751";"946743010";"Куртка рабочая мужская 314-TOMBOY-58 (р-р 44-46/152)";"3";"0";"3";"0"
"2001459835555";"497981752";"946740813";"Куртка рабочая мужская 314-TOMBOY-58 (р-р 44-46/176)";"4";"0";"4";"0"
"2001459835586";"497981753";"946740836";"Куртка рабочая мужская 314-TOMBOY-58 (р-р 56-58/182)";"1";"0";"1";"0"
"2001459835524";"497981758";"946742821";"Куртка рабочая мужская 314-TOMBOY-58 (р-р 60-62/170)";"3";"0";"3";"0"
"2001459835456";"497981760";"946741080";"Куртка рабочая мужская 314-TOMBOY-81 (р-р 52-54/188)";"15";"0";"15";"0"
"2001459835487";"497981761";"946742203";"Куртка рабочая мужская 314-TOMBOY-81 (р-р 60-62/188)";"11";"0";"11";"0"
"2001459855676";"497981762";"946742182";"Куртка рабочая мужская 314-TOMBOY-00 (р-р 64-66/188)";"3";"0";"3";"0"
"2001459835661";"497981763";"946739808";"Куртка рабочая мужская 314-TOMBOY-80 (р-р 52-54/170)";"12";"0";"12";"0"
"2001459835616";"497981764";"946740866";"Куртка рабочая мужская 314-TOMBOY-15 (р-р 52-54/164)";"4";"0";"4";"0"
"2001459855256";"497981765";"946739950";"Куртка рабочая мужская 314-TOMBOY-13 (р-р 56-58/200)";"2";"0";"2";"0"
"2001459835463";"497981766";"946743024";"Куртка рабочая мужская 314-TOMBOY-81 (р-р 56-58/194)";"3";"0";"3";"0"
"2001459835913";"497981768";"946742229";"Куртка рабочая мужская 314-TOMBOY-13 (р-р 60-62/170)";"6";"0";"6";"0"
"2001459835838";"497981773";"946743047";"Куртка рабочая мужская 314-TOMBOY-13 (р-р 60-62/176)";"2";"0";"2";"0"
"2001459835623";"497981774";"946739962";"Куртка рабочая мужская 314-TOMBOY-15 (р-р 60-62/188)";"1";"0";"1";"0"
"2001459855164";"497981775";"946740900";"Куртка рабочая мужская 314-TOMBOY-00 (р-р 40-42/158)";"1";"0";"1";"0"
"2001459835470";"497981776";"946740925";"Куртка рабочая мужская 314-TOMBOY-81 (р-р 60-62/164)";"6";"0";"6";"0"
"2001459835579";"497981779";"946742269";"Куртка рабочая мужская 314-TOMBOY-58 (р-р 56-58/176)";"1";"1";"1";"1"
"2001459855669";"497981781";"946739822";"Куртка рабочая мужская 314-TOMBOY-81 (р-р 56-58/182)";"26";"0";"26";"0"
"2001459855171";"497981782";"946740947";"Куртка рабочая мужская 314-TOMBOY-13 (р-р 44-46/182)";"2";"0";"2";"0"
"2001459855607";"497981786";"946742893";"Куртка рабочая мужская 314-TOMBOY-00 (р-р 56-58/176)";"2";"0";"2";"0"
"2001459835517";"497981787";"946742876";"Куртка рабочая мужская 314-TOMBOY-58 (р-р 60-62/158)";"3";"0";"3";"0"
"2001459855751";"497981788";"946756329";"Куртка рабочая мужская 314-TOMBOY-13 (р-р 44-46/176)";"4";"0";"4";"0"
"2001459855195";"497981789";"946756263";"Куртка рабочая мужская 314-TOMBOY-13 (р-р 44-46/188)";"3";"0";"3";"0"
"2001459835906";"497981790";"946740600";"Куртка рабочая мужская 314-TOMBOY-13 (р-р 40-42/170)";"3";"0";"3";"0"
"2001459855638";"497981791";"946740196";"Куртка рабочая мужская 314-TOMBOY-81 (р-р 52-54/176)";"5";"0";"5";"0"
"2001459855485";"497981792";"946739892";"Куртка рабочая мужская 314-TOMBOY-58 (р-р 60-62/182)";"3";"0";"3";"0"
"2001459855522";"497981793";"946740620";"Куртка рабочая мужская 314-TOMBOY-80 (р-р 48-50/176)";"5";"0";"5";"0"
"2001459835548";"497981794";"946742910";"Куртка рабочая мужская 314-TOMBOY-58 (р-р 44-46/170)";"14";"0";"14";"0"
"2001459855331";"497981796";"946756266";"Куртка рабочая мужская 314-TOMBOY-13 (р-р 64-66/194)";"1";"0";"1";"0"
"2001459835814";"497981798";"946740207";"Куртка рабочая мужская 314-TOMBOY-13 (р-р 60-62/164)";"3";"0";"3";"0"
"2001459855591";"497981799";"946756271";"Куртка рабочая мужская 314-TOMBOY-81 (р-р 44-46/170)";"34";"0";"34";"0"
"2001459855690";"497981800";"946742937";"Куртка рабочая мужская 314-TOMBOY-81 (р-р 56-58/188)";"7";"0";"7";"0"
